Date,Open,High,Low,Close,Adj_Close,Volume,VWAP,SMA_14,SMA_21,SMA_5,SMA_12,SMA_26,SMA_13,SMA_30,SMA_20,SMA_50,SMA_100,SMA_200,EMA_14,EMA_21,EMA_5,EMA_12,EMA_26,EMA_13,EMA_30,EMA_20,EMA_50,EMA_100,EMA_200,RSI_14,RSI_21,RSI_100,RSI_200,MACD_12_26_9,MACDH_12_26_9,MACDS_12_26_9,BBL_20,BBM_20,BBU_20,MOM,STOCHF_14,STOCHF_3,STOCH_5,STOCH_3,CMO,DPO,UO,lag_1
2018-10-01,0.3447852760736196,0.32088637937463377,0.4034437812993072,0.3477294007490637,0.3477294007490637,0.06973461399661328,0.8948295053427628,0.4691554403845376,0.5348149788741997,0.4002149133545521,0.4502001062052346,0.5616155145303133,0.4588305707899207,0.5721521059437875,0.5290651497739309,0.5303666419070732,0.5437081475666272,0.7128148060721518,0.4838425630668396,0.5146137457112127,0.4188232327281036,0.4740593371054402,0.5340015307664889,0.4789146083467797,0.5486667411112717,0.5105822826716473,0.6106204338854392,0.7143520842253944,0.8629162260445733,0.587198251859246,0.5962427503687151,0.5436042114449127,0.5264940923480852,0.1044238804838633,-0.10581494376069356,0.17088350644305098,0.8855951320412014,0.5290651497739309,0.3817123840230168,0.027330508474576225,0.7522658610271913,0.783682219775983,0.710097219422073,0.6219147019600678,-0.20220813739521387,0.038879736408562834,0.6229547668393961,0.34562265917603
2018-10-02,0.34630441133508616,0.3176902998987908,0.39713246895794746,0.34082397003745324,0.34082397003745324,0.0532895650001388,0.8947869296855007,0.4682473117657607,0.532664065694426,0.3994667972469321,0.451035501042624,0.5645783588608708,0.460143644114378,0.5748530832064698,0.5262653467806709,0.5384242748591703,0.5485620045814318,0.7149823616801634,0.4837851647586776,0.5155617912421655,0.4174970008208193,0.4737863763108154,0.5357074278944424,0.4787438234561189,0.5509259267366777,0.5113755778745522,0.6147040828395867,0.7191223935932379,0.866546117645876,0.5609614653114066,0.5799458145595744,0.5405972208361434,0.5250393904537379,0.09599490276484417,-0.10328636109553893,0.15969522687421409,0.8878223536996498,0.5262653467806709,0.3772514372008389,0.006991525423728822,0.2277992277992281,0.6101814133637847,0.6308470921271628,0.6718857763937319,-0.11640501595693074,0.03953871499175896,0.5887881069365555,0.3477294007490637
2018-10-03,0.3396435874963482,0.31033931710435203,0.3879399053303149,0.33380149812734083,0.33380149812734083,0.055290717041889904,0.8947145299454305,0.4687968163440014,0.5294653809458912,0.39773932914388255,0.4511650196220642,0.5660233824471499,0.4601986099744715,0.5762870565895666,0.5224938213539339,0.5463688748840836,0.5532767196480148,0.7172351582390517,0.4824073644050956,0.5154401800742162,0.4137636392310303,0.4720583096580715,0.5364367926415393,0.4771912773191314,0.5522634579035697,0.5110750482289163,0.6180500567952498,0.7234084908016505,0.8698881850977971,0.5349193270801073,0.5635358729652541,0.5375431213467269,0.5235609187278111,0.08449136605187063,-0.1080605921609153,0.14798978868618393,0.8935631054643647,0.5224938213539339,0.37027468344376857,-0.020868644067796618,0.13279132791328016,0.3803433323034397,0.5526366208414091,0.6553927772496405,0.08604733587996778,0.01943986820427941,0.5768015925674516,0.34082397003745324
2018-10-04,0.3337423312883435,0.3071965056197731,0.3825204088632778,0.3303487827715356,0.3303487827715356,0.05041778863503873,0.8946357207497116,0.4685076034080852,0.5255937372222983,0.394746864713403,0.450433239648227,0.5658523091258524,0.4599604245807328,0.5775180474389828,0.5201199788794579,0.5540781818769003,0.5579152728060978,0.7195347904852352,0.4805603103150139,0.5148460846857308,0.4098738714035788,0.4698600253320684,0.5366941303019358,0.4751691619359015,0.5531332123014086,0.5103024895997698,0.6209808629007153,0.7274180874256853,0.8730732427832572,0.5221498602013772,0.5554406019741726,0.5360392934492421,0.5228334382902341,0.07264463413168096,-0.1126386975925747,0.13578843677903613,0.8906690688843699,0.5201199788794579,0.3681808689401063,-0.003389830508474566,0.15401785714285834,0.17587882464676902,0.4315474735113311,0.5589831184640812,-0.046389673255342864,-0.007907742998355905,0.5122021572405377,0.33380149812734083
2018-10-05,0.3299444931346772,0.3059713418206999,0.3858818686972628,0.3317532771535581,0.3317532771535581,0.043604780279266016,0.8945705760514747,0.4684208395273104,0.5234172686384085,0.3915231643951135,0.4489308241267204,0.5652699318618607,0.4594168732975853,0.5799341943721462,0.5179191828657386,0.5618682266748481,0.5626490283498059,0.7216227254248452,0.4792251411342444,0.5145026921172345,0.40785053424893103,0.4682993585599858,0.5371024398395416,0.4737171519964174,0.5541020336217294,0.5098071625678138,0.6239122418138662,0.7314262362143268,0.8762769495174426,0.5270702954677753,0.5581455051127115,0.5365719505839004,0.5231043343981047,0.06329628303741851,-0.11077787360536102,0.123788654747877,0.8891747451498568,0.5179191828657386,0.3658199968887026,-0.0018008474576271735,0.2075892857142844,0.168971629250649,0.3070721469912596,0.4469204350758577,-0.013755798035644863,0.04085667215815066,0.5302740116642124,0.3303487827715356
2018-10-06,0.332223196026877,0.3073563095935652,0.3761404953008164,0.32449672284644193,0.32449672284644193,0.04530265386003387,0.8944888836114271,0.4671887924203074,0.520776543546409,0.38612312630920254,0.4480760015024149,0.5603670432706312,0.4572426681649953,0.5816857372030977,0.5135442133707236,0.5689962214707199,0.567318339201706,0.723396861259579,0.4766956708526304,0.5131742639553709,0.4035574622614017,0.46543179121415,0.5366019956078879,0.4710195409908434,0.5542065864419685,0.5083067941836313,0.6261318817255559,0.734952273445975,0.8791886825535234,0.4986467366722494,0.5403499766823575,0.5333764990047223,0.5215668198853171,0.051318217465857435,-0.11510286929715804,0.11132037658208224,0.9012071427415056,0.5135442133707236,0.3558299620807595,-0.015889830508474572,0.12889812889812988,0.16764104224547108,0.17724942833262933,0.3169940873640292,-0.18700614574187654,-0.005601317957170291,0.4502769699804687,0.3317532771535581
2018-10-07,0.3248028045574058,0.2969690512970756,0.3781299307127667,0.3254915730337079,0.3254915730337079,0.026912285206673516,0.8944352240378014,0.4652279287147954,0.5166493457816551,0.3825593732147224,0.4472729863098855,0.5575752722613715,0.4565403266193554,0.5825205847206539,0.5105225559405967,0.5763041462323126,0.5719100234930196,0.7251794275180259,0.4746916044219314,0.5121059270117589,0.4010990519259144,0.4632174772174565,0.5362590620169935,0.4689065088568444,0.5544143131631528,0.5070935733574782,0.6283462939543107,0.7384637028247883,0.8821071014467906,0.5025869302980946,0.5424452330238492,0.5337609681686124,0.5217604931409605,0.041888007852769915,-0.11293018011289235,0.09908745043907063,0.906379006485702,0.5105225559405967,0.3500382250325253,-0.033580508474576234,0.2303206997084553,0.1937192289451055,0.17777455069845854,0.22916000653437724,-0.33344737629901816,-0.00527182866557251,0.4271708861063536,0.32449672284644193
2018-10-08,0.3256208004674262,0.3010706866244074,0.3807367771146327,0.3264279026217229,0.3264279026217229,0.04225564222857619,0.8943583272341895,0.4646552871016814,0.5138169551587848,0.3808455072227205,0.44651530262016015,0.5543831168831176,0.4558807362982326,0.5821473587716288,0.5087344091794497,0.5834667429446694,0.5764196872674866,0.7270996906971199,0.4731318208690822,0.5112658410406808,0.3998400059669139,0.4615434402227652,0.5360548868650651,0.4672828263346538,0.5547120915666827,0.5061316670951719,0.6305508707414529,0.7419575656936144,0.8850300421227604,0.5064980121852958,0.5444925252279548,0.5341258531186839,0.5219435410091526,0.034529734477608924,-0.10661148501143206,0.08753898375958871,0.9050942601015451,0.5087344091794497,0.3481449450114761,-0.026800847457627085,0.3310104529616742,0.2359011468650994,0.21905571489351144,0.19869638446815796,-0.12151993311155546,-0.01878088962109128,0.4230163411991468,0.3254915730337079
2018-10-09,0.3268477943324569,0.3003782027379747,0.3823832064210743,0.32976357677902624,0.32976357677902624,0.03121647974904922,0.8943043890131497,0.4643602899070469,0.5123432601880884,0.3807094861122441,0.4449351759509895,0.5510380874730657,0.4555142972309422,0.5815122198759194,0.5088497734866204,0.5910007335606295,0.5810274827317521,0.7290433717198613,0.472410834654371,0.510969275123752,0.4003540153120901,0.4608380697987016,0.5362696663730177,0.4665590240252191,0.5553592112202262,0.5057450505922012,0.6329433211905079,0.7455673746882976,0.8880434590787752,0.5208775309269025,0.5519741865446995,0.5354340434980444,0.5225977622052086,0.030178901180146225,-0.09490781522401584,0.07725829269127231,0.905720401751618,0.5088497734866204,0.3480752941391507,-0.024364406779660945,0.5296167247386768,0.3728556036713622,0.2972780283101074,0.24023983061456064,-0.05921351528714696,0.02734761120263189,0.4689254342802845,0.3264279026217229
2018-10-10,0.32883435582822085,0.3008576146593511,0.3794333539136997,0.3249063670411986,0.3249063670411986,0.03565222219137773,0.8942374780622098,0.4635331409103264,0.5121004838489852,0.3791180391196709,0.4431283917677984,0.5487522567118988,0.4535172043142094,0.5771251780189566,0.5082152697971811,0.5982163865449297,0.5852002765263141,0.7308812040893163,0.4708674084540085,0.5100194358151586,0.39872598671096215,0.4592057238547388,0.5358805022932641,0.4649660286766074,0.5554279166735573,0.5046909492691465,0.6348424904876071,0.7488361248268612,0.8908527952575194,0.498228457756452,0.5384820602320239,0.5332319128354343,0.5215532503462529,0.023793949084057818,-0.09004181804860463,0.06750470061455766,0.9024119398361362,0.5082152697971811,0.3484105997483245,-0.037500000000000006,0.2404181184669007,0.3763066202090588,0.30411496916968295,0.2839678785286255,-0.15324522030844498,0.18187808896210528,0.4546493589337754,0.32976357677902624
2018-10-11,0.3241016652059596,0.2954775475416821,0.33621458461960624,0.2926029962546817,0.2926029962546817,0.06513477500485801,0.8940072212474467,0.4584487774969199,0.5091403162055341,0.37170488859870987,0.4375267132070089,0.5445118222584597,0.44844202323223703,0.5727741491921629,0.5051803011008422,0.6044101295957113,0.5886597847547296,0.7322815911394359,0.4634207187090904,0.5046319801235218,0.3845342821795183,0.4509378488539964,0.5316093848814474,0.4571322722879744,0.5519230469998881,0.4990531830957954,0.6340105358070505,0.7502472945360734,0.8924763310474876,0.3803732066234912,0.4601213463886553,0.5188968212227096,0.5146776881031991,0.001014219813132471,-0.1223938587413141,0.0542466412291573,0.8706931895373579,0.5051803011008422,0.3556257503886615,-0.09978813559322032,0.13182423435419466,0.3082303176470088,0.3047243606184362,0.31361890145796456,-0.6811428186381819,-0.08138385502471611,0.3479435411387631,0.3249063670411986
2018-10-12,0.2910896874087058,0.28141479784797313,0.3400562530013034,0.3070575842696629,0.3070575842696629,0.03343558282208589,0.893891019430882,0.4550707704054186,0.5072790309390766,0.36742022361870497,0.4332590760144536,0.539838244714927,0.4446677008391455,0.5688192636972292,0.5029129487560626,0.6110121752610138,0.5924195466608864,0.7341156766539073,0.4597005011204462,0.5017586037408005,0.3809377635358762,0.4470234850988582,0.5294045790269022,0.4533119680773511,0.5502413599099745,0.4960482921370282,0.6343999599656917,0.7524327569171828,0.8946018067422534,0.44348602588424346,0.4945980190829669,0.5246718890355004,0.5175378901343691,-0.009011351044945598,-0.12007916961978768,0.04123931571347501,0.8592568725006674,0.5029129487560626,0.3566875809958581,-0.06112288135593224,0.4607190412782956,0.2846830081099165,0.3527071764354789,0.3328036443485708,-0.3936078768461335,0.021416803953867247,0.460381114650749,0.2926029962546817
2018-10-13,0.3064563248612328,0.2808288499440686,0.354188104548261,0.3032537453183521,0.3032537453183521,0.028090143797018567,0.8937982796007483,0.4511201217008034,0.5048257121439285,0.3620337876438418,0.42833736999572536,0.5359763554830826,0.4402460027605079,0.5643274566615927,0.4997226819539169,0.6173697007164906,0.5962027430004279,0.7360237625543047,0.4557569493356516,0.4986137300745364,0.3769967639899428,0.4429004020795029,0.5269025835746166,0.449275752105184,0.5482478892982804,0.4927780167688259,0.634461282808318,0.754363827913778,0.896569792769928,0.4311051816036748,0.4860410119185878,0.5230032552565218,0.5167324844647028,-0.018824858368667204,-0.11775859776719567,0.028483361302079763,0.8476671917728364,0.4997226819539169,0.3565922724591212,-0.05529661016949152,0.3761713520749668,0.3310796828873568,0.3621123964970491,0.35287730178735155,-0.4511789991670862,0.007907742998348477,0.4626044732923644,0.3070575842696629
2018-10-14,0.3023079170318433,0.2781654503808661,0.3529532825684297,0.30184925093632964,0.30184925093632964,0.02751977903006413,0.8937042810486432,0.4467934961794971,0.5016611012675487,0.3555455806741202,0.424024401300366,0.5329807524314256,0.4354578656145796,0.5609815187677001,0.4974198328992386,0.6238010435938014,0.5999537169940653,0.7379131141797841,0.4520735934248611,0.4955580598659876,0.3737995895623337,0.4391122195593596,0.5244158871926692,0.4455349065971849,0.546227849584353,0.4896155416127042,0.6344046944531381,0.7561787097631799,0.8984678556820801,0.426396009512648,0.4828099372509414,0.5223836970578626,0.5164342543338875,-0.027060110964227186,-0.11241300548210724,0.016306457021913974,0.8363419555792883,0.4974198328992386,0.3575682977187392,-0.05158898305084751,0.3440428380187423,0.4036100917347337,0.3234647327757536,0.35936358623645065,-0.4995644346361554,-0.019769357495885195,0.4283822816306582,0.3032537453183521
2018-10-15,0.30108092316681273,0.2906834283279177,0.3515126569252933,0.3053604868913858,0.3053604868913858,0.06447200399744607,0.8935074067304215,0.44260569286743057,0.4997061128526652,0.3510024755842101,0.4208770998199686,0.5315575679925463,0.4317568310349462,0.5578811242613242,0.4953432753701646,0.6302923631263524,0.6037222668127414,0.7401527967462299,0.4495453792120971,0.4932719132289874,0.3730927434363944,0.4366553842632687,0.5225384753580368,0.4430315471342537,0.5447260852868583,0.4872633910289166,0.6346390912002632,0.7581525286520332,0.9004728853085968,0.44270217694362257,0.4916605089064002,0.5238080615470178,0.5171344477919937,-0.0313010157183302,-0.09930600650477328,0.0055493410595032116,0.8282812755252147,0.4953432753701646,0.3576887579040631,-0.04777542372881356,0.4907120743034051,0.4138608751736953,0.3755910141595175,0.3672839775456053,-0.4761251215188406,0.06622734761119872,0.417645195824454,0.30184925093632964
2018-10-16,0.3051124744376278,0.2781654503808661,0.3406736639912191,0.2935978464419476,0.2935978464419476,0.0409273242095328,0.8933514184687801,0.4379377960817432,0.4968566852937174,0.3512337114720199,0.4168102164255457,0.5290897443363817,0.4275611037144709,0.5529244217453229,0.4923349292062497,0.6361862229009324,0.6072462197329648,0.7422641495294874,0.4451297678461334,0.4895462846123575,0.3678490909860052,0.4320688814186892,0.5193760969353921,0.4385304939795927,0.542021575592001,0.4834296476379806,0.6338969299818318,0.7594344297837861,0.9020363571347064,0.401713475120853,0.4638053828263634,0.5185754305138522,0.5146256548390836,-0.04064146545090045,-0.10009425275889297,-0.005293160033786764,0.8142933919233045,0.4923349292062497,0.3586789059925137,-0.055932203389830584,0.1200000000000002,0.3263086409202257,0.3731284961772737,0.3710967916906898,-0.5039960898961809,0.13772652388796994,0.3869682203625726,0.3053604868913858
2018-10-17,0.2927256792287467,0.2676716561018484,0.30822528641009805,0.2691362359550562,0.2691362359550562,0.0837818893484718,0.8929158240339695,0.4315461901979952,0.4921885648085054,0.3424195435131527,0.4098809724254939,0.5251404985149386,0.42117284930804105,0.5475421106909596,0.4866554556224576,0.6407813574101158,0.6101696652977053,0.7439314999971886,0.4366768458787396,0.4827335930899561,0.3544285850215623,0.4229730966672985,0.5134865445528886,0.42977432759577816,0.5367888301541817,0.4764140386450448,0.6311721369987603,0.7593333155205763,0.902707496736838,0.3330133408303137,0.4128473228783801,0.507918225283788,0.5094600901223432,-0.06075277530342511,-0.1245365844792535,-0.01878332571416283,0.7852854501323318,0.4866554556224576,0.3614661997591174,-0.10201271186440683,0.10995850622406653,0.24630513511698215,0.3000790200624788,0.3630026949763944,-0.5844812915392201,0.07018121911037496,0.3646209950866194,0.2935978464419476
2018-10-18,0.2690622261174408,0.2519043306876897,0.2974548946971256,0.25667134831460675,0.25667134831460675,0.07926394248119258,0.8924376742125664,0.42426380847162537,0.48582952841761,0.3315922631192356,0.4023753707469331,0.5201466134762104,0.4133371605858141,0.5423202213164404,0.4802438623970046,0.6448874514996471,0.6130623531686284,0.7454930018116032,0.4269936822767797,0.4747945765942614,0.3404242386470109,0.412619311224044,0.5065242042154476,0.4197731097430039,0.5305164577249463,0.4682591484486242,0.6275290795159943,0.7585423962266762,0.9029251804936193,0.3045751360073483,0.3899744874894241,0.5026022795113336,0.5068546613630961,-0.0825722382951745,-0.14786675824264894,-0.03480068379134497,0.7517754801609221,0.4802438623970046,0.3648820751556419,-0.12627118644067806,0.04460303300624492,0.09383748809137052,0.2310265196137362,0.3129670593447909,-0.6171261730377127,-0.027677100494238247,0.3634574289302932,0.2691362359550562
2018-10-19,0.256441717791411,0.2432216481116497,0.2931330177677163,0.2615870786516854,0.2615870786516854,0.05994330011381618,0.8920664706972805,0.4173284822683549,0.4800327109172692,0.322234010718463,0.3953036563094971,0.5149379768213855,0.40677179396352736,0.538591235738022,0.4740541236084186,0.6478032396621007,0.6160575666856096,0.7470601239084932,0.4195312457623034,0.4682657183899828,0.3330824526200965,0.4049063857275482,0.5006727115333376,0.4121849486592635,0.525191884867732,0.4615937055085049,0.6244331593641229,0.7580399641124257,0.903316892320364,0.3287942967589311,0.40362512514572657,0.5046672073652303,0.5078522013779656,-0.09606229053969227,-0.14811660936422075,-0.050845106469981576,0.7288590031633391,0.4740541236084186,0.3648490556427093,-0.12341101694915255,0.16638513513513525,0.1096906355426192,0.1940274823035696,0.25097788904684143,-0.5713979846256887,-0.02668863261944376,0.3480433514577091,0.25667134831460675
2018-10-20,0.2629856850715746,0.2427955041815373,0.3047952253550113,0.26632724719101125,0.26632724719101125,0.02628452655248036,0.8919122519581336,0.411578929102341,0.4744360774158382,0.3131614026496907,0.3886528772552417,0.5108394968260446,0.4005972956796837,0.5348458806004359,0.4680418683693261,0.6472426886150467,0.6193457106198994,0.7485317012033013,0.4139602380114836,0.462994235500271,0.3301111433169834,0.3993906065364932,0.4958285272542868,0.4066299679717846,0.5207345657093737,0.4562504008819278,0.6218484818796722,0.7578105627957107,0.9038746079488608,0.3521064033109236,0.4168084597443943,0.5066618856879878,0.5088150814789781,-0.1029678603286394,-0.13375981161788994,-0.06533435898679384,0.7136807117364633,0.4680418683693261,0.3623169824749304,-0.10603813559322044,0.29293993677555275,0.17222859281970945,0.15283940784051978,0.20001636069353307,-0.4833199441884044,0.011202635914328579,0.3870244462993305,0.2615870786516854
2018-10-21,0.2659655273152205,0.2451392957971555,0.3093229059477259,0.2643375468164794,0.2643375468164794,0.02609818726924465,0.8917618752320005,0.4055343787416926,0.4685200013629554,0.3063603471258734,0.38141278866453343,0.5065845029410059,0.3941174315064312,0.531025225490678,0.4617190169186199,0.6431804236197296,0.6225459754289967,0.7501681401173877,0.4087557490007069,0.4579233282843684,0.3273229951358436,0.3942992304752652,0.4911022900450033,0.40147014421238814,0.5163449770406012,0.4511274717483338,0.6192015302576037,0.7574752747461195,0.9043554575177044,0.3466910642799605,0.4127957436738689,0.5057983734682933,0.5083954787497329,-0.1082830594920124,-0.11875845333494252,-0.07819862066646494,0.7014550356793356,0.4617190169186199,0.3583348344009105,-0.051165254237288134,0.32446808510638325,0.2678786739172251,0.1954219820086981,0.1876931711300456,-0.5040721451291528,0.049752883031297636,0.37498728422009614,0.26632724719101125
2018-10-22,0.2633946830265848,0.24157034038246414,0.2988955203402621,0.25550093632958804,0.25550093632958804,0.036790730921911,0.8915328200793993,0.3985238571750839,0.4618074485484537,0.3031910552517745,0.37373233690372826,0.5017471317919755,0.3863672452332387,0.5264679402183704,0.4552497415395816,0.6417202227440704,0.6254811382104296,0.7517155912256137,0.4025740557902888,0.4520758786171065,0.32187897755904304,0.3881072924238003,0.4856563476956328,0.39527802128069467,0.5112622461188919,0.4452111138641909,0.615931653016274,0.7566561899075441,0.9045147926839441,0.32304920346643584,0.39509838015683024,0.5019609512104793,0.506531038442266,-0.11600220555343703,-0.1120719047466625,-0.0903385759211368,0.6856663786427786,0.4552497415395816,0.3554184340334715,-0.09332627118644066,0.2039473684210532,0.28071639921747543,0.2149961257847476,0.1949506890165067,-0.5498586363337477,0.0639209225700131,0.35924750327036403,0.2643375468164794
2018-10-23,0.2555068653228162,0.23443242955308155,0.2837346504767785,0.2441479400749064,0.2441479400749064,0.044808525108958164,0.8912230033158495,0.3900614866701758,0.4547711939484809,0.3002802034875807,0.3683702677149032,0.495533894356765,0.3779391466855588,0.520807346658155,0.4484521215939801,0.6391965896351113,0.6281057947495153,0.7531225352719548,0.39506956584362735,0.44517007091773775,0.3136434145488674,0.3804476488401952,0.4792393675803883,0.38769719681388587,0.5052530607698613,0.43821201074114535,0.6118563296797032,0.7552232277871284,0.9042656180085752,0.2953268587164536,0.37354363603652296,0.4970674060062072,0.5041438203553706,-0.12688051952398244,-0.11370681267033993,-0.1026556291655664,0.664835567895554,0.4484521215939801,0.35385124553777003,-0.10699152542372886,0.0772532188841192,0.20700068550774514,0.22179586160183606,0.2188174068139123,-0.6259541511387782,0.08599670510708049,0.3425020369313106,0.25550093632958804
2018-10-24,0.2431784983932223,0.22175464763223776,0.2647321122315978,0.228874063670412,0.228874063670412,0.061878175054826075,0.8907350859597531,0.3805695181134062,0.4471343873517792,0.292676623411953,0.35971842660829645,0.4885453671888656,0.3712882776142376,0.5150256183600981,0.4407582097234368,0.6360639627960194,0.6296539320049916,0.7541613508161574,0.38567715459836543,0.4367530150554558,0.30195601401652106,0.3707102198390732,0.4714486003788951,0.3781409512548337,0.4979439811080329,0.4296647452572247,0.6066846910571874,0.7529709336258016,0.9034714625138552,0.2628168895658234,0.3468720356838211,0.4905688954264856,0.5009516454414724,-0.14223483242045915,-0.12491007678464555,-0.1161862526206691,0.6373835638410106,0.4407582097234368,0.3534453482900996,-0.13209745762711872,0.06998654104979639,0.12002598057701287,0.20171986646444684,0.2209971858313528,-0.6537659863159998,0.06392092257001253,0.3411172349739366,0.2441479400749064
2018-10-25,0.2285714285714285,0.20886379374633784,0.2521780887699801,0.21752106741573035,0.21752106741573035,0.04280633206562474,0.8903647002633436,0.3731483141777965,0.4389225841624648,0.2813324627982257,0.3502311906643001,0.4807269524197781,0.3619440813983317,0.5085792859598296,0.4320970125081537,0.6332635143551818,0.6303701468753113,0.7549800386300735,0.3753900423548393,0.42751120172425067,0.2895581957026485,0.36005054545191184,0.462860486141315,0.367676593107432,0.4898520824214716,0.4202852971629517,0.6007821852171243,0.7501331425652635,0.9022782846467896,0.2416335112596269,0.3286018745159305,0.4858008605852764,0.4985933079147843,-0.15879616739434133,-0.13654111837643085,-0.1309767843891772,0.6079444135404404,0.4320970125081537,0.35247150029278496,-0.1590042372881355,0.044276457883369584,0.0654549098869185,0.1499331486139109,0.19847805048587291,-0.5933087146217697,-0.08797364085667618,0.3568452540840049,0.228874063670412
2018-10-26,0.21635991820040895,0.21221967719597296,0.254030321739727,0.2331460674157304,0.2331460674157304,0.056265788523998564,0.8899046639813534,0.3658427954165535,0.4317457748398534,0.2740825376098365,0.3426284500511592,0.4737311455360789,0.35462751468809944,0.5029776228126182,0.4251707169891696,0.6308967432676204,0.6307685322428511,0.7561237661138168,0.3694294677929305,0.4212977756412697,0.28763246903487605,0.3543618680844809,0.4568001559420949,0.3618358472372675,0.4840086204322028,0.4140647870964736,0.5963961586768096,0.7482187404449455,0.9016570246569168,0.3221936721469277,0.3759908140108255,0.4926553234045672,0.501837130563119,-0.1614942962839649,-0.11519779709859936,-0.14345534541100555,0.5920872449295503,0.4251707169891696,0.34897946929526696,-0.10942796610169482,0.35855646100116473,0.16159652428135174,0.15703240224098447,0.17606258211652506,-0.5788613673953303,-0.06952224052718682,0.4023969382842235,0.21752106741573035
2018-10-27,0.23435582822085885,0.2267085708197944,0.2751594978390615,0.2454939138576779,0.2454939138576779,0.08080254281986507,0.8893275129989427,0.3601337320615677,0.4259958089137256,0.27175657662069097,0.33600357471279196,0.4673723137848706,0.3487461676580881,0.4974643552849127,0.4191052166852292,0.6283315878588795,0.6312826251252278,0.7572028603490932,0.3665988001502752,0.4173784758621364,0.291358506871535,0.3521807723788033,0.4526836206915034,0.35930199003040525,0.4799064477861176,0.410227169785636,0.5931976267720694,0.7470275587277031,0.9014845291007612,0.3781277858499321,0.41044153572004094,0.4979965542142735,0.5043836666899222,-0.15507617398390267,-0.07796934060949609,-0.15190121155716604,0.5856760142141152,0.4191052166852292,0.3432822733856649,-0.04279661016949151,0.7158620689655176,0.38233879331583853,0.2636438848710183,0.19749528335877026,-0.42476501737031336,0.0434925864909352,0.4362384736823438,0.2331460674157304
2018-10-28,0.24469763365468886,0.22308634741383898,0.2768059271455032,0.2377691947565544,0.2377691947565544,0.04058067068261944,0.8890295030231632,0.35379996876500297,0.4196112171187141,0.2702739465164989,0.32982553847349344,0.4609625240230628,0.34169221561274743,0.4916760791631887,0.4123830272481625,0.6245738197286287,0.6322390429377407,0.7578276484176082,0.36268469419148175,0.4127336582472269,0.2907084044125479,0.3486884200494396,0.44793682738429097,0.3555833374278887,0.4752154408378626,0.4056349396208351,0.5894892423985771,0.7454312391206684,0.9010368735108084,0.3583087183528413,0.3961091948933124,0.4947057801032415,0.5027678075951075,-0.15246672630372507,-0.056606622532584014,-0.15803300583885585,0.5793680983803488,0.4123830272481625,0.3366867261339282,-0.0342161016949152,0.6672413793103457,0.5952508550693623,0.3865149656395668,0.2793793008068418,-0.4508942691580065,0.07116968698517001,0.43060817131512186,0.2454939138576779
2018-10-29,0.2365176745544844,0.21648111649709686,0.26308568292515605,0.22512874531835209,0.22512874531835209,0.04876016711545402,0.8886388900147637,0.34586975006218085,0.4122384830312124,0.26940341140945023,0.3249556398865411,0.4542033079028602,0.3345466538005841,0.4850693250830759,0.4044495125858028,0.6200017531637686,0.6330841471916763,0.7578735473911574,0.3569019697514794,0.4067408494443504,0.2851464302003437,0.3430385730060833,0.4420113430609835,0.3498648345533163,0.469430458514217,0.3996471734458061,0.5848867274392229,0.7431649787448594,0.9001406017203497,0.32815335809270074,0.37373668258403625,0.4893613354898319,0.500132849367247,-0.15553499470022464,-0.05206848825270915,-0.1636732161930492,0.5723730118871924,0.4044495125858028,0.32874397564820035,-0.06599576271186443,0.29482758620689586,0.5734701003928399,0.433340417525965,0.3750130677171021,-0.5313983338857066,-0.000988467874797632,0.4179165958033461,0.2377691947565544
2018-10-30,0.22535787321063394,0.2081713098599052,0.2619880633875283,0.2253043071161049,0.2253043071161049,0.041046345390444994,0.8883020519248179,0.3391195201378968,0.4046357503066656,0.2712124921787856,0.3214845419575432,0.4476697629724541,0.3299722727772419,0.4783381623532884,0.3968975875548542,0.6129844845006482,0.6336582908096011,0.7577377238980021,0.3519234766156401,0.4013174282102739,0.281509677566831,0.3382953606958294,0.4365460377431313,0.3449984146380219,0.4640380983702932,0.3942551275391293,0.5804791415601446,0.7409533385768304,0.8992595407027835,0.32899371632691865,0.374250928599513,0.4894387090104426,0.5001694141221226,-0.15607128816938404,-0.042840404162820665,-0.16831381359169553,0.5687435024703902,0.3968975875548542,0.3201138162475284,-0.07425847457627112,0.2658227848101265,0.4196592058080861,0.4794797105757223,0.4497166300623279,-0.4887498254963466,0.028336079077426662,0.44773178881654896,0.22512874531835209
2018-10-31,0.22407245106631607,0.20630693016566345,0.25313850586540443,0.2202715355805244,0.2202715355805244,0.049530508286372586,0.8878808844650218,0.3342896641080963,0.3970202398800608,0.268220027748306,0.3169125361033034,0.4407358336730541,0.3261735211129977,0.4712075823798069,0.3914133458755048,0.6070675567817451,0.63414601995442,0.7573761523920848,0.3466570097048041,0.3956822245720986,0.2770432441386204,0.3332089518140424,0.4308762816209407,0.3398194502214772,0.4584375703703781,0.38864684755151496,0.575830504322854,0.7385061720090309,0.8982068572869351,0.31682204755503435,0.365243981497973,0.4873008728319834,0.4991175632304781,-0.15744027334917626,-0.03729881439687185,-0.17235412984092766,0.5560709728610174,0.3914133458755048,0.3173900698785397,-0.0797669491525424,0.13074204946996507,0.2362986753563105,0.4320350246700471,0.4654717094456471,-0.4042902553522912,-0.004283360790778021,0.4924745256956591,0.2253043071161049
2018-11-01,0.2196319018404908,0.2104618334842593,0.25746038279481376,0.22103230337078653,0.22103230337078653,0.034818379923937486,0.8875922296291817,0.330767050548637,0.3918111966743909,0.2625343453303947,0.3119001670789669,0.4343005649059467,0.32194114988579337,0.4645058848565212,0.3848908254316184,0.6008899612919895,0.6343759703320073,0.7566324016778405,0.34223661102367353,0.3906658548374246,0.2743742859431812,0.3290672531901473,0.4257186091437132,0.33553267176562274,0.4532824226501676,0.383683002367632,0.5714267325411412,0.7361496871654921,0.8971919164639761,0.320891256296963,0.36765398569109936,0.4876425495909972,0.4992775356404915,-0.15630636717618274,-0.02733226258099076,-0.17531484015893492,0.5508663854294307,0.3848908254316184,0.310667045531383,-0.06239406779661012,0.17469879518072426,0.19524199994230249,0.3193322269153487,0.4260120046105524,-0.3254691772068537,0.0013179571663885547,0.4987605594004732,0.2202715355805244
2018-11-02,0.2207420391469471,0.20295104671602832,0.25691157302599993,0.2207982209737828,0.2207982209737828,0.039292257724231734,0.8872595196136772,0.3267354222219652,0.3855330857298631,0.2585897331265806,0.30708207592379066,0.4277888591229405,0.3171896566465941,0.4581839611059279,0.3786389674007097,0.5944747659757049,0.6347128403119124,0.7558717901161702,0.3383613303282545,0.3860727363569424,0.2725000069133905,0.3255128356423776,0.4209146474919256,0.3318114182624381,0.4484340017538812,0.3791579619133039,0.5671764066286364,0.7338268737019024,0.8961786843605123,0.32026238478413305,0.3672045794652205,0.4875415772252837,0.4992282306225882,-0.1537635659334595,-0.016244299066077158,-0.1770744699631349,0.5480931984765308,0.3786389674007097,0.3034408394233187,-0.04226694915254233,0.22192513368983988,0.18023900525562225,0.22659055504238265,0.33848380703197656,-0.38863344350257106,0.013179571663917271,0.4031480793198156,0.22103230337078653
2018-11-03,0.22062518258837274,0.20167261492569116,0.2558825547094738,0.21845739700374533,0.21845739700374533,0.02711864642034256,0.8870275803352996,0.3220038985903762,0.3793614556358192,0.25703909246715023,0.3029828128845077,0.4210733212975373,0.3124015195006659,0.4519242416801719,0.3723161159500037,0.5888300399998154,0.635210822021337,0.7549247725190658,0.3345600686744998,0.381569350521444,0.2703007518985525,0.3220062182879879,0.4161831449745021,0.3281530527066157,0.4436397486900097,0.3747244533845697,0.5629002495295999,0.7314201396819257,0.895091632226862,0.3136759784013069,0.36256172419508464,0.4865240953870318,0.4987332553717211,-0.15128761064952395,-0.007521708303263513,-0.17788924332178108,0.5480173402438651,0.3723161159500037,0.29516915638756075,-0.018855932203389804,0.16475095785440644,0.19186230305789967,0.19950076412716694,0.2580007010733189,-0.4664550999157003,0.018780889621083558,0.30068151704971546,0.2207982209737828
2018-11-04,0.21904761904761905,0.20177915090821924,0.2521780887699801,0.215121722846442,0.215121722846442,0.03120416123032507,0.8867568125228333,0.3171393370082657,0.3730492708191367,0.2546723251448618,0.2997707521143901,0.4139428396715399,0.308187470226826,0.44539933539589815,0.3654741251170289,0.5830884286577687,0.6355887022596654,0.7532986374561842,0.33063481571015424,0.3770082147960309,0.2674812085708172,0.31832795810898307,0.4113982935504831,0.3243493852348964,0.4387862495155016,0.370229504124218,0.5585174572122541,0.728875932232154,0.8938958362654821,0.3041266003924491,0.3558450203413377,0.4850671170963687,0.49802609588123004,-0.14943138125633296,-0.001913697911197601,-0.178096540655269,0.5543483147684463,0.3654741251170289,0.2839541713597053,-0.004343220338983076,0.0,0.13215511989486736,0.14414044496596629,0.1973645663514932,-0.4735399002798985,0.017792421746289647,0.2839330259556503,0.21845739700374533
2018-11-05,0.2140812153082092,0.19943535929260106,0.248062015503876,0.21196161048689136,0.21196161048689136,0.04040925242206368,0.8863987770673875,0.3128358485218327,0.3662515333242476,0.2527408253760977,0.297899208641479,0.40691791392464105,0.3048284454433304,0.4391036029399731,0.3592843863284429,0.5763779636541471,0.6359138550228779,0.7512359937877132,0.32663530498879284,0.3724191659392338,0.2643193698757738,0.31454188918942816,0.4065852992314934,0.32045632724103323,0.4338967240737551,0.36570442245360935,0.5540466497474222,0.7262067173634167,0.8925986711501335,0.29501041192253474,0.3494204388561217,0.4836811651240906,0.4973546667041874,-0.14798670375763226,0.0016628699231648362,-0.17791641374025682,0.5589724219636389,0.3592843863284429,0.2741978538954445,-0.03834745762711873,0.01791044776119383,0.06242858166608965,0.1206421075810474,0.16069444254574325,-0.4423839233394197,-0.02438220757825757,0.294970675762435,0.215121722846442
2018-11-06,0.21221151037101954,0.19879614339743248,0.248062015503876,0.2162921348314607,0.2162921348314607,0.05397280903866974,0.8859259233683993,0.3100825413719105,0.3606250851846811,0.25163905438123946,0.2977632141330668,0.4021715392231094,0.3035153721188729,0.4329944834585608,0.3552776951986269,0.5705025582350255,0.6364836046845432,0.7491780336879721,0.3239880297080708,0.3688537769660968,0.2639684883864536,0.3122615039710324,0.4026530942824331,0.3179865518266578,0.4298011238904199,0.3622382359121867,0.5501073127385752,0.7238307044304585,0.8914696317424383,0.3247296553211653,0.3658570567470732,0.4857149712995835,0.4982862209726278,-0.14282154112602902,0.012749205940563564,-0.17653538260670992,0.5574572118312292,0.3552776951986269,0.26947419777191645,-0.05286016949152541,0.4123711340206193,0.14705826212795986,0.17013980787548952,0.150532236995755,-0.30409984815376884,0.019439868204279696,0.34179085536589565,0.21196161048689136
2018-11-07,0.2160677768039731,0.19810365951099984,0.2486794264937916,0.21283941947565546,0.21283941947565546,0.03679454792771285,0.8856014040471322,0.3084976544830898,0.3565277020580627,0.24978916727876105,0.2955160667797789,0.3963113680041937,0.3030267866958191,0.4266398205896319,0.3519543157343612,0.5650954320856652,0.6370167380440449,0.7475144300752543,0.3210407640144673,0.3651289744819866,0.2623337072926481,0.3095958731664007,0.3985941637056472,0.31517823991995275,0.4255882715412718,0.35860151152018555,0.5460385063487269,0.7213101138862186,0.8902280711937512,0.313442200407192,0.3582960821121267,0.4841791547353207,0.4975473522571117,-0.13901829028704454,0.018607421215144446,-0.17451977252613435,0.552400248666691,0.3519543157343612,0.2668977863085385,-0.0451271186440679,0.12209302325581232,0.18878625741792104,0.14934874777087254,0.15233489775436074,-0.20012702445220448,0.08336079077429595,0.3127580774337489,0.2162921348314607
2018-11-08,0.21250365176745545,0.1949608480264209,0.23166632366056114,0.19803370786516855,0.19803370786516855,0.04696270438331066,0.8851551090717626,0.30657149632988784,0.3522599495706699,0.24504203052313664,0.29026408838347806,0.3897669035000879,0.2993623960229148,0.4192702450523009,0.3471356373656125,0.5599628144737511,0.6376597203100376,0.745495811952841,0.3156864841320676,0.3596693062587699,0.2552367751702105,0.3041839539410499,0.3930434536818063,0.30980646335160805,0.4200113591308675,0.3531642830831256,0.5409116312332118,0.7180177118700986,0.8884681847003473,0.2702786165153935,0.3278575676502616,0.4776381160562035,0.4943880517429623,-0.1424779186654664,0.007237545641325738,-0.1737357804949651,0.542718994655117,0.3471356373656125,0.2639914824402205,-0.04904661016949145,0.017031630170316458,0.1884859020387604,0.11858468391265027,0.15162279689352895,-0.2334515306381611,0.0803953871499139,0.2796391413531704,0.21283941947565546
2018-11-09,0.19678644463920536,0.17967293453363872,0.21232077930987173,0.1837546816479401,0.1837546816479401,0.06469477833606307,0.8844762018884368,0.30168958197162243,0.3465951683249292,0.2377512990016045,0.2842868059423119,0.3824216702579938,0.2929191757563915,0.4113735697097679,0.3408749051572291,0.5540689546991711,0.6376318919203932,0.7433020283599443,0.30834572942253224,0.3527062476692539,0.24471209955255502,0.2965605346928493,0.3861752291144715,0.30234289329058955,0.4132165830751661,0.3461743976460611,0.5348114951759009,0.7139980130716655,0.8862140076711873,0.2366099740251284,0.3019410719742465,0.4714343906155008,0.4913639584605612,-0.1513029852307489,-0.013720025039371251,-0.1752219735818717,0.5286683416054102,0.3408749051572291,0.2607351775482599,-0.07521186440677967,0.06933744221879802,0.0712465390178848,0.1330249168437581,0.13877685453399422,-0.6011023719576345,-0.04777594728171751,0.2258747420022847,0.19803370786516855
2018-11-10,0.1831726555652936,0.17828796676077344,0.21211497564656653,0.19224016853932585,0.19224016853932585,0.05550932737417761,0.8839035159480135,0.29642590653794765,0.3412029780564271,0.23316738757855165,0.2806473338600417,0.3753858249373951,0.2881676825171923,0.4057588109152224,0.3354084118328289,0.548534954856033,0.6381284089777314,0.7409461932890069,0.303588475317688,0.34756455488542176,0.24113844091424536,0.2919189447988559,0.3808430502261824,0.2976446564218207,0.40779772616274995,0.3410806287010046,0.5296484311889893,0.7105288608961542,0.8842864048027386,0.29270877610505264,0.3346827843008465,0.4755230370723293,0.4932153356952417,-0.15189443330497202,-0.012283566920554484,-0.17655256534008612,0.5247890612387256,0.3354084118328289,0.2549302382343192,-0.05074152542372879,0.3015625000000001,0.13258420828488568,0.19209836366618285,0.15357304782508868,-0.6791044776119338,0.04052718286655288,0.3127795702488868,0.1837546816479401
2018-11-11,0.1915278995033596,0.1750386192936664,0.2155450367016533,0.1850421348314607,0.1850421348314607,0.0284586583571607,0.8836057718517126,0.2912142894327378,0.3354317159602025,0.2259038602791148,0.27619189472729805,0.3686338885329923,0.28398416983229313,0.3989327047422616,0.3300661569930745,0.5425465165097276,0.6384857840868481,0.7391373990456751,0.298104265228152,0.34188223120822026,0.23583556466248265,0.28645691833559883,0.3750344236804369,0.2921762831835443,0.4019331748612252,0.3354282508602921,0.5240958700998041,0.7067289104508412,0.8821199835917184,0.2743829105012685,0.3212907065720009,0.4723923332767928,0.4916895906315483,-0.15452764758479295,-0.01564824562453878,-0.17824762889883833,0.5158782958107517,0.3300661569930745,0.2510647395815085,-0.06514830508474577,0.11164274322169096,0.16491965198598835,0.12946859433563174,0.15734010956374295,-0.6768019856951503,0.032289950576602326,0.3176375805433923,0.19224016853932585
2018-11-12,0.18486707566462168,0.16901933628082885,0.20847911092817453,0.1793071161048689,0.1793071161048689,0.036092218860172665,0.8832146362762728,0.2866852148562901,0.32988619326700364,0.21810985064882013,0.2716587444468903,0.3630467066565728,0.2791838180507885,0.3919985594787934,0.3251498626721043,0.5360021407052332,0.6389530081024554,0.7367366017149343,0.29226670477546146,0.3359133146385042,0.2299734614569455,0.28061257211092616,0.3689617605693553,0.2863407428670872,0.3958133295946414,0.32948260516372363,0.5182894054508139,0.7026859102356375,0.8797695590535828,0.2604623142929467,0.31090660594240305,0.4699027837292805,0.4904746669186988,-0.15793767856377816,-0.02005734012309868,-0.18042029842000487,0.5020611758816108,0.3251498626721043,0.2494905007437924,-0.07510593220338982,0.04025764895330088,0.15498098846486905,0.11242553896586957,0.1502103992640308,-0.6435539779156824,0.0392092257001606,0.3318378128052832,0.1850421348314607
2018-11-13,0.17914110429447852,0.16443828903212054,0.2018933937024079,0.17234316479400752,0.17234316479400752,0.025365044554867724,0.8829306574707525,0.28145046071620694,0.3246601131252564,0.21213852389890853,0.26627077154217715,0.3578016714227483,0.2741819247822743,0.3847533925911378,0.32086363495183623,0.5296999783161325,0.6391111905278021,0.7344163617663413,0.28589049768956465,0.3295117516958233,0.22323992905986206,0.27418273208002963,0.3624958394716751,0.27994441007181586,0.3893188783456298,0.32309342412150593,0.5121379261614714,0.6983364667644109,0.8771929135478351,0.2443347032225388,0.2986286392308737,0.4668851242600624,0.4890001358698005,-0.1625834594752006,-0.026316556276379344,-0.18327098447173645,0.4832146683227146,0.32086363495183623,0.250518839265443,-0.0834745762711864,0.004651162790698294,0.053504961823715336,0.10984717975565343,0.12174220393470013,-0.6807997993960018,0.08237232289950175,0.2816796123992745,0.1793071161048689
2018-11-14,0.1721881390593047,0.15735364619400202,0.17918638951773344,0.1577130149812734,0.1577130149812734,0.053292341004358326,0.8822878044452153,0.2752670881463187,0.31948088455772194,0.2060855844827112,0.2592897201103493,0.3513409236503413,0.2675738069354702,0.3764933130350802,0.31632893026227715,0.5228003561690606,0.6389881597525324,0.7319228297747566,0.2775976699793399,0.3216432516424445,0.21281505957652933,0.2656231402358101,0.35473768876184625,0.27153234100475343,0.3816269644780652,0.31519133458593296,0.5050244898910572,0.6932611704954439,0.8741175191704285,0.21444646544524107,0.2747489345225023,0.4606087502248822,0.4859158295966946,-0.17229900874264706,-0.04253194581291972,-0.18787816876319774,0.4564091725592662,0.31632893026227715,0.25403101082319784,-0.10391949152542374,0.11292517006802695,0.053943259606640266,0.11892477077919365,0.11809285064576525,-0.7181411922773548,-0.03459637561779681,0.28493854075995795,0.17234316479400752
2018-11-15,0.157931638913234,0.1500026633995632,0.17225766618645813,0.16385767790262173,0.16385767790262173,0.07903492213308164,0.8813244464357322,0.2696158673785161,0.31557516696197435,0.1994885606246084,0.253247678379463,0.3449675324675331,0.2616313867275771,0.3692350505000903,0.3110754171972693,0.5161221862874913,0.6391770998716966,0.7294321079244099,0.2715726008895064,0.3153506066745865,0.20835820269945726,0.2596903710235241,0.3482981143091831,0.26555238529199704,0.37511021609688294,0.30893281381502685,0.4986953523202201,0.6886274069070104,0.8712929683289676,0.25543212808982896,0.2993991562058118,0.46366721714853004,0.4872808633702843,-0.17461741678800666,-0.03915098922741805,-0.19211911798656814,0.43946847293928026,0.3110754171972693,0.2531169777337563,-0.08707627118644064,0.3729032258064518,0.16763225422733738,0.13378220804762758,0.12548466919593607,-0.6191779563719818,0.017792421746289075,0.4415029210979063,0.1577130149812734
2018-11-16,0.1637744668419515,0.15016246737335534,0.18295945667832889,0.1606975655430712,0.1606975655430712,0.08591351358854066,0.8802927901105245,0.2636754336747974,0.3103022352460141,0.19383008242879246,0.2472250644354927,0.33852134412672585,0.2556034640706496,0.36316849187251415,0.304646075616867,0.5088949993310297,0.6396618997123424,0.7271240452545135,0.2657532495260554,0.3091874585064758,0.20410482163818933,0.25399664061427,0.3419529690377451,0.2597939373772449,0.3686647478488931,0.3028121198253453,0.4923545268667397,0.6839100132488921,0.8683832548497581,0.24829390819263,0.2940150957254249,0.4623056004140477,0.4866130372086894,-0.1761564462792619,-0.034723208789585736,-0.19588043713213885,0.42759740641218097,0.304646075616867,0.248869869923965,-0.10063559322033898,0.3549848942598192,0.28736656751425216,0.18446070483813554,0.15130937232201588,-0.6314368456226285,0.049752883031297636,0.4832650116531511,0.16385767790262173
2018-11-17,0.1604440549225825,0.14760560379268098,0.17582492968374838,0.1518609550561798,0.1518609550561798,0.0643106487521861,0.8794993301943282,0.25709294725334475,0.30348746081504785,0.18745069234745185,0.24057428538123735,0.33207515578591873,0.2490014535416337,0.3573049157786183,0.29813242935045536,0.5014302125480391,0.6397204857958042,0.7247363619162156,0.2590386756099862,0.3023470625190246,0.19768398214130328,0.2472950181144753,0.3350080377419352,0.2530887080266749,0.36165877474017377,0.29599302230950386,0.4855356335913082,0.6787955971702752,0.8651857639136957,0.22911131365650075,0.279301487760085,0.4585028737255325,0.4847460232011174,-0.1801435689589733,-0.036593119117234126,-0.199844310412568,0.4114703691413185,0.29813242935045536,0.2460147010193887,-0.11038135593220333,0.14583333333333384,0.2986136612884709,0.2064479230787224,0.181602263889535,-0.6561982918553881,-0.01581548599670896,0.4118217005573498,0.1606975655430712
2018-11-18,0.15173824130879346,0.14089383689341076,0.1766481443369692,0.15466994382022473,0.15466994382022473,0.04010076895316881,0.8790025944781291,0.2511178079973161,0.2974393485075653,0.18334285481106616,0.2337551321737097,0.3265098130568989,0.2430223894270116,0.3513234788587146,0.29279017451070083,0.4939977208871009,0.6400881134695265,0.7222728047644997,0.25375060027732954,0.29652190900886805,0.19454310527068575,0.24222325439141199,0.32891761365362554,0.2479038322184692,0.3554151601154121,0.29023067182209594,0.4792151606562029,0.6739383568926877,0.8621207711378391,0.2488755791165792,0.2911153740131875,0.4599291457457872,0.48537681137032,-0.1796921937455805,-0.028276615206267106,-0.20290731575840948,0.3975154118315712,0.29279017451070083,0.2439300716555825,-0.07849576271186444,0.29796839729119656,0.2730030236946495,0.2675342431585718,0.22789556789079699,-0.5986695671893727,0.07413509060955148,0.4616902582562867,0.1518609550561798
2018-11-19,0.15430908559742915,0.1447291322644223,0.1656719489606915,0.14150280898876405,0.14150280898876405,0.057189503928045976,0.8782737935173535,0.2441535605004541,0.29135290309390843,0.1795750700508714,0.2258609747568283,0.3210755052122771,0.23521723729372546,0.34434022491774324,0.2864362634388333,0.4859516219071655,0.6401086185987381,0.7192537763614656,0.24667749824349106,0.28938230726833275,0.18710692426019127,0.23512469983562825,0.32168426403293,0.2408231046645746,0.34811954581141397,0.28310785488585044,0.4720596770881211,0.668446517238787,0.8586143273806804,0.2204850979867914,0.2694270948531277,0.4542644368174248,0.4825935687935457,-0.1844264237554228,-0.03308751564470444,-0.20649145185677387,0.3786323779241724,0.2864362634388333,0.2422575622731393,-0.07648305084745761,0.007425742574257333,0.1542169845109765,0.24556290619605076,0.2490438276556822,-0.6365196604247715,0.05403624382207222,0.4112318024238088,0.15466994382022473
2018-11-20,0.14104586619924042,0.12981409471048844,0.1498250668861906,0.13190543071161048,0.13190543071161048,0.07144324459373179,0.8773068131192221,0.2358126594286309,0.28455516559901955,0.1721483174188629,0.21854317501845588,0.31575039310465386,0.22677081679268105,0.3369313624384099,0.2797362594454535,0.4774441640407658,0.6398889207857567,0.7164295844175784,0.2387324677714921,0.28154768355137394,0.17825555404045326,0.2270721941665379,0.31382481959263675,0.2328321588649845,0.3402342188867191,0.275271761803921,0.4643955071190553,0.6625307677483171,0.8547987756503345,0.20244945483683213,0.2549247991876032,0.45018257729410704,0.4805749210988358,-0.19123494566725288,-0.04152198754600905,-0.21098923452615076,0.3563148598591808,0.2797362594454535,0.24134337756155835,-0.10921610169491527,0.11023622047244054,0.14205088264712687,0.1908598104520409,0.2436485808765636,-0.7286775152695752,-0.06392092257002054,0.4177820027338803,0.14150280898876405
2018-11-21,0.13239848086473852,0.13343631811644385,0.14913905467517324,0.14325842696629215,0.14325842696629215,0.0984325986175499,0.8760107064714746,0.2289351758125437,0.2789500136295497,0.16809488832666786,0.21406183216982425,0.31015957137033434,0.2210543673429504,0.3306519995416527,0.2738393685135318,0.4696564260372502,0.6400602850798822,0.7138704824637808,0.23399379719339225,0.2760152427196329,0.17696085851960291,0.2226788469096732,0.3079219971248591,0.2282560672764073,0.3341119952826618,0.2698281711957582,0.4579655694103441,0.657362258595708,0.8514281140259161,0.2773682111979393,0.3015169366552509,0.4560225320559357,0.4831451484505802,-0.18823742966754006,-0.026590816037293147,-0.2138696291942672,0.3450509226274834,0.2738393685135318,0.2375807387754356,-0.07563559322033901,0.4589614740368514,0.19707383292728725,0.2125139987709921,0.2246053648421666,-0.5635032385243559,0.011861614497525002,0.5251259750325776,0.13190543071161048
2018-11-22,0.1433829973707274,0.13215788632610664,0.1608012622624683,0.14115168539325845,0.14115168539325845,0.04602684396080282,0.8754130577899576,0.22331287633833288,0.2731361591931316,0.1656057020049507,0.20840834617725856,0.3036697047347278,0.2166082399931599,0.32488991471459705,0.26780049074201523,0.4620624587660497,0.6402829121970368,0.7114743687017698,0.2294885328130866,0.2706907098319509,0.17524296607688944,0.2185122692828308,0.3022013698766144,0.22391185533127184,0.3281519836824491,0.26459753591103635,0.4516145265509092,0.6521791709826551,0.8480154795756365,0.27228290953940715,0.2978955022013387,0.4551165163499347,0.4826997050874253,-0.184885495912976,-0.013862347945734516,-0.21537123911306288,0.3357744380873237,0.26780049074201523,0.2329300714866753,-0.06906779661016946,0.4383057090239413,0.3443366062708501,0.27342436834533795,0.23424857614827324,-0.5117663217654028,0.016803953871495445,0.4766743604707887,0.14325842696629215
2018-11-23,0.14069529652351734,0.12885527086773554,0.15709679632297455,0.13816713483146068,0.13816713483146068,0.03928739971684757,0.8748959511894537,0.21880693879675853,0.2671221207578037,0.1617699066895177,0.20322112707067774,0.29747466658901695,0.2109650783568873,0.3198153513725879,0.2617128049943879,0.4544869458503078,0.6403678620180563,0.7091737997418405,0.22501954691005574,0.265432250323448,0.17288679147981725,0.21435043617230748,0.2965431707018853,0.2195906274802482,0.3222467312271105,0.25943229037482324,0.4452670931373126,0.6469330747680698,0.8445298267114301,0.2649108195239901,0.2926783845849664,0.4538264019234044,0.4820669204340435,-0.18176979282861755,-0.004201821648429581,-0.21582639267644124,0.3275719878595552,0.2617128049943879,0.2278361543640432,-0.06186440677966105,0.3443830570902392,0.4243614744819965,0.2830906969185975,0.2661708752143069,-0.4550503297466125,0.04514003294892554,0.4829750263134122,0.14115168539325845
2018-11-24,0.13812445223488168,0.12731049912107814,0.15051107909720796,0.13014981273408238,0.13014981273408238,0.03927386669627738,0.87436741602476,0.2126698402966168,0.2606949366225987,0.15913109714627666,0.1977813467341885,0.291567177217402,0.20523641427158032,0.3149274010050913,0.25527015214777365,0.446540039030962,0.6402682656761713,0.706289658118216,0.21963022949422115,0.2595290368251838,0.16806316377397054,0.2091196961101742,0.2903334870636396,0.21428135293502806,0.3158366430097648,0.2535964447294971,0.4385092297593845,0.6413458963924485,0.8407914928101023,0.2457596851654389,0.27893108566508085,0.4503627055132888,0.4803668442587711,-0.1816020797539738,-0.002990684771563181,-0.21615035236455116,0.31755362543000026,0.25527015214777365,0.22291747254910954,-0.04989406779661018,0.15105740181268895,0.3191284371395614,0.313003461931469,0.30095157416332,-0.6226049240974574,0.0013179571663885547,0.4630965535786625,0.13816713483146068
2018-11-25,0.13029506281040024,0.1204921962392798,0.14221033134389793,0.12991573033707868,0.12991573033707868,0.040924895205840715,0.8738050769008783,0.2072210685839556,0.2544934918904193,0.15866862537065704,0.19308629822948048,0.2856342088404874,0.2000818380583616,0.3091522205307015,0.2490493537380263,0.4388699475434949,0.6399240724358338,0.7035984795262465,0.2149152192287253,0.25412969674143776,0.16475243840390835,0.20464378196081834,0.28455544100350194,0.20968367421238726,0.3098142455193843,0.2482824514767201,0.4319971295681628,0.6358563635261243,0.8370819660668606,0.2452051526115728,0.2785309171219718,0.4502613667628638,0.4803171398833853,-0.1795279971771623,0.0021927409665879936,-0.215912828274284,0.31011342144421217,0.2490493537380263,0.21737973724238124,-0.061440677966101725,0.34027777777777674,0.2856252201313785,0.3609119737690061,0.3312321624987489,-0.592982520162022,0.039868204283357314,0.4925252001030505,0.13014981273408238
2018-11-26,0.12959392345895412,0.1200660523091674,0.13994649104754067,0.12283473782771535,0.12283473782771535,0.04160952724648141,0.8732262545928907,0.20163925892077306,0.24800667847894325,0.15392148861503258,0.18922664456216187,0.27957384543707475,0.1949150472095666,0.3022901013275716,0.2419633230244981,0.4308815184243672,0.6394920000703034,0.7010028457363591,0.2094897547191777,0.24822953942515824,0.15967233778072604,0.199346894329876,0.2783481439776665,0.2043249296555894,0.3033980234174861,0.2424477942872872,0.4251580611869332,0.6300825357715604,0.8331555466639491,0.22849495368433625,0.2664182771288264,0.4471870466008373,0.4788109590412503,-0.1796944923699052,0.0013861126648011676,-0.21576268051185715,0.3049954890428737,0.2419633230244981,0.20988653654001493,-0.06853813559322038,0.13378684807256244,0.21364930059369164,0.2931910254335747,0.33472801643524114,-0.5990391622358331,0.003953871499172524,0.5378080229844364,0.12991573033707868
2018-11-27,0.1224072451066316,0.11218238960208808,0.13761404953008166,0.12213249063670414,0.12213249063670414,0.04073057491047386,0.8726511578426454,0.19667636494045104,0.24115357094180276,0.1495008025245513,0.18460930720511806,0.2734224855861633,0.19120179799435685,0.2958208515444683,0.2350858354816247,0.4228284990611347,0.6389266443648977,0.6988718219644375,0.20465487996225232,0.2427674129725681,0.15600068333344452,0.1947152025056572,0.27251562976845883,0.1995911041266921,0.29731816107389364,0.2370669914424976,0.4185294383755274,0.62438406618108,0.8292430255283187,0.22685226882491866,0.26521996247166923,0.4468814180276711,0.4786613563730295,-0.17815770461711605,0.004506351604583985,-0.2152745393763502,0.3033199762193324,0.2350858354816247,0.2014516815278767,-0.05381355932203387,0.1961259079903155,0.22905246093288045,0.24275459994358464,0.3104139794858196,-0.5693375903985185,-0.05238879736408932,0.5956584707449639,0.12283473782771535
2018-11-28,0.12205667543090855,0.12262291588984175,0.1428963435549153,0.13143726591760302,0.13143726591760302,0.050925103406157184,0.8719606174200194,0.1940792327759236,0.23522897642088145,0.14793655975407333,0.18137134271911254,0.2678644225729433,0.18781834393970856,0.29057931869894776,0.2300364284985344,0.41501077272999903,0.6387464921582529,0.6967857604523191,0.20222432825087355,0.2391049422027577,0.1573281129569598,0.1927797359245378,0.2682416284094171,0.19739670017903813,0.29265861613879546,0.23354785763640004,0.412925991327198,0.6193148571014115,0.8257029451693652,0.29845241018811225,0.3083998212049425,0.4518945153824122,0.4808214567512975,-0.16988085833150285,0.02190316201742552,-0.2129019250496066,0.3037764159156334,0.2300364284985344,0.19466340885553265,-0.04205508474576269,0.6250000000000009,0.3263625875151595,0.3011959541436066,0.28974549509251,-0.31649759416469714,0.0016474464579866225,0.5873219708455655,0.12213249063670414
2018-11-29,0.1315220566754309,0.12129121610824055,0.14996226932839404,0.13114466292134833,0.13114466292134833,0.04458476528884324,0.8713614526564653,0.1908458321523805,0.23036067193675985,0.14816779564188312,0.17907886386302066,0.2624337545862216,0.1847341484566808,0.2853115945587588,0.2260474857236679,0.4073729763645843,0.6384784608264155,0.6948299021508809,0.20006251446962964,0.2357344453735476,0.1580943490815978,0.1910796542733829,0.26424879600902784,0.1954571925476267,0.28826735781649515,0.2303214513923643,0.4075182234711116,0.6143297887917335,0.8221876017478921,0.29752406477465354,0.3078039199764236,0.4517644702156765,0.4807585032438995,-0.16161875541336326,0.03578801637180379,-0.2090252628443084,0.30149199077117234,0.2260474857236679,0.19023462067403085,-0.01875000000000001,0.7939189189189193,0.5519773459056864,0.43507845330136413,0.3388545634277497,-0.4229879259104881,0.02504118616144628,0.5800634871344913,0.13143726591760302
2018-11-30,0.13087934560327194,0.12011932030043145,0.14612060094669685,0.12669709737827714,0.12669709737827714,0.039175419176637145,0.8708287236321951,0.18748517783703425,0.2262079187678897,0.1474196795342632,0.17598336981439935,0.2569339292994008,0.18210800180776604,0.28007660953690544,0.22107794633784966,0.4008332141489544,0.638258763013434,0.6926801441040414,0.19734784092887425,0.2320474925440158,0.15680067540756554,0.18869296042201814,0.2600132882055598,0.19290419001268352,0.2836680028028386,0.22675741574798675,0.4019567547379609,0.6091965926670759,0.8185478231787652,0.2831790048057402,0.2986159382835559,0.4497773702853586,0.47979887071112,-0.15571405127495494,0.04168426831055182,-0.20450990144969525,0.3039546423111976,0.22107794633784966,0.18284287072799207,-0.009427966101694926,0.5371621621621621,0.668534040369482,0.4760816440743506,0.4196120620086262,-0.4326415644122088,-0.028006589785835742,0.5553016775757661,0.13114466292134833
2018-12-01,0.1270815074496056,0.12139775209076865,0.14783563147424025,0.13167134831460675,0.13167134831460675,0.03329930183493879,0.8703821460917631,0.1854896085792125,0.2217996115578584,0.14947359830245602,0.1748954137471015,0.2519400442606727,0.1797078259170138,0.275077346167068,0.21703132140939774,0.39391975123528855,0.6380610349817504,0.6905584874695789,0.1959358295937184,0.2293923423530343,0.15795641457253826,0.18773389595054776,0.2566937252092356,0.1917119314794829,0.27991497659163983,0.2242540887245625,0.3970224679152971,0.6044411173234493,0.8151225529378537,0.3223320693377548,0.32231771103850604,0.4524976921825615,0.4809633918424216,-0.14661765104017602,0.053457328514049975,-0.19871924787187087,0.3087421216370603,0.21703132140939774,0.17584161706037746,-0.020974576271186464,0.8243243243243243,0.7366575436195673,0.6198931503204143,0.5299172710076899,-0.2697786692958869,0.0013179571663882693,0.6351732240865333,0.12669709737827714
2018-12-02,0.13158048495471808,0.12097160816065625,0.1520203059614461,0.13143726591760302,0.13143726591760302,0.0324324494073231,0.8699498341451193,0.18319325786803792,0.21789815319613007,0.1516363339590299,0.1748436063153254,0.2466622503057487,0.17865736725744788,0.2700780827972305,0.2134017828222556,0.3871470027819942,0.6377973976061728,0.6885548567670997,0.19466781793147747,0.22694578709409055,0.15863193378302232,0.18687247653175285,0.2535917167805068,0.19064312362428734,0.2763782177521709,0.2219552313677921,0.3922624314732512,0.5997668181221498,0.8117229747937305,0.3214468141957073,0.3217816297659313,0.4523913859773625,0.480912476431337,-0.13794684124347295,0.061934900414719066,-0.19201027900552667,0.3141507651606991,0.2134017828222556,0.1691684667555806,-0.017584745762711854,0.744292237442924,0.7196965258999234,0.734054406187162,0.6333967034105601,-0.3211710497004339,-0.04118616144975674,0.6060096246489908,0.13167134831460675
2018-12-03,0.1312883435582822,0.12709742715602193,0.14708101804212115,0.13875234082397006,0.13875234082397006,0.04331164811370513,0.8693824292940252,0.18292139770827667,0.21494650402071785,0.15333659783998424,0.17434495978448053,0.24205419020441496,0.1793719234386642,0.2656190148799296,0.21085489388702366,0.3807179666991157,0.6377988622582593,0.6868528478908005,0.19495226527542572,0.22574609463870354,0.16205020386598354,0.1877030621633491,0.2516050801191536,0.19119175165539185,0.27387786663900915,0.2209360137698784,0.3882906588584752,0.5955910694966889,0.8086194168655062,0.3785890330761568,0.3568038220766129,0.4564220396349936,0.4826325712997517,-0.12561718027727953,0.07680578208177892,-0.18369045290923072,0.32087657921929,0.21085489388702366,0.1634512150193326,0.0010593220338983537,0.9414062500000008,0.8578558976926023,0.7999492503673188,0.7454914580200518,-0.04126426690078814,0.057660626029650386,0.7540991359504983,0.13143726591760302
2018-12-04,0.13847502191060473,0.1267245512171736,0.14893325101186802,0.1285112359550562,0.1285112359550562,0.061944410515503985,0.8685613819753367,0.18258591070261387,0.21175633774022176,0.1527245028428407,0.17294615912652614,0.2377300390192773,0.17783287935604444,0.26077362536626914,0.2086407866070922,0.3737468339246418,0.6374942146242583,0.6851470921595174,0.19326203920846768,0.22322123696905613,0.16017395706826376,0.1862225948097387,0.2485257710176651,0.1896113555837005,0.2704073068695605,0.2185288831664598,0.3836324080084093,0.5909296226889603,0.8051796691159188,0.33612985752557484,0.3316832921525105,0.4517206680061159,0.4803928065634179,-0.12007560144332227,0.07369569973363314,-0.17570751999441667,0.3201373456107583,0.2086407866070922,0.1608062853497427,-0.002966101694915234,0.25781250000000017,0.6642379324172003,0.6882995944624685,0.7691678103961985,-0.05044876966518566,0.005271828665564508,0.6640316711232291,0.13875234082397006
2018-12-05,0.12819164475606193,0.12027912427422363,0.14701241682101945,0.12757490636704122,0.12757490636704122,0.07160247619576382,0.8676011310450218,0.18103572936610304,0.2095628322202544,0.15292853450855518,0.1717740159825922,0.2342357754353276,0.17641598162918812,0.2560526445022838,0.2058897915899429,0.3672024581201472,0.637081182735853,0.6831743730106528,0.1916201025966807,0.2207947823826255,0.15854323160512612,0.1847702783541731,0.2455612029359055,0.1880692425010137,0.2670572007757188,0.2162152333734396,0.3790798294086351,0.5863085150135738,0.8017405869354329,0.33247718669722914,0.32946157184349706,0.4512914100536198,0.480188046565916,-0.11487294940690343,0.07045834968452956,-0.16807526626925912,0.32368079045586123,0.2058897915899429,0.15594469973217104,-0.004237288135593186,0.15226337448559715,0.461898953938114,0.6081404773809362,0.7255873760545091,-0.2743538767395589,0.027347611202632176,0.6017608575836011,0.1285112359550562
2018-12-06,0.1272567922874671,0.11862781654503808,0.14385676065033956,0.12271769662921347,0.12271769662921347,0.08593867806679066,0.8664364599733183,0.17921368786983102,0.2065685907046486,0.15084741151826708,0.17095157300314678,0.2299116242501899,0.17480364973311022,0.25081765948043044,0.2030101209994108,0.3614308584504801,0.6363342101717159,0.6809955768376905,0.18927851938551946,0.2179086806472124,0.1554853797984557,0.18250590115278545,0.2422281984953073,0.1857748379181861,0.2633865660137542,0.21341762574033998,0.3743063237372515,0.5815093369309802,0.7981616279491841,0.3135399066108524,0.31788969674474393,0.4490556354304296,0.4791233640044543,-0.11211996455380216,0.062452855250051585,-0.16131019102603938,0.326272792188273,0.2030101209994108,0.15125014333416814,-0.00021186440677964318,0.0,0.1401525140646961,0.4364664889396068,0.5997813054400782,-0.3080750095675433,-0.002306425041190189,0.5427422586725994,0.12757490636704122
2018-12-07,0.12293309962021615,0.11394023331380172,0.139329080057625,0.12312734082397005,0.12312734082397005,0.09633392207756156,0.8651196650256414,0.17772713337922175,0.2038341624642234,0.14891591174950294,0.1702003652423935,0.2260606545920453,0.17407077159852935,0.2457987526395917,0.200831510429378,0.3561667535559237,0.6355989548242711,0.6789657181503261,0.18732661715311488,0.2153423209234268,0.1536130156681298,0.180677220497902,0.2391916765009851,0.1838902313654108,0.259998007262976,0.21094585618336692,0.3697537037276705,0.5768279275286989,0.7946329633349279,0.317054901637302,0.3199999338735327,0.4492880357860764,0.479221233663148,-0.10846334932456624,0.05804616523008409,-0.1550224612851072,0.3264833097070262,0.200831510429378,0.1483164886371815,0.001800847457627082,0.20563380281690166,0.12231928844515612,0.32428534960999833,0.4737912815591902,-0.2623108441933013,-0.00527182866557251,0.5795845812827644,0.12271769662921347
2018-12-08,0.12246567338591878,0.11489905715655463,0.14186732523838924,0.12406367041198503,0.12406367041198503,0.06503437734225356,0.8642397747448429,0.17712557047251604,0.20181102630503028,0.14550178187654675,0.17033635975080572,0.22262462873449476,0.17346003981971198,0.24166052808197905,0.1985109130197504,0.3507457866399695,0.6340083426582851,0.6773442666561741,0.18581204257212086,0.2131403960612819,0.15274466717923701,0.17932948863858833,0.23649343801254966,0.18246234219855476,0.2569315186120894,0.20884526297412814,0.3654566220897449,0.5722911860477395,0.7911729705880263,0.3255129122518384,0.3250003429101834,0.44982380056344606,0.479445915031188,-0.10385500657337912,0.05662484975559736,-0.14888869257751378,0.3315179562169893,0.1985109130197504,0.1434933071156584,-0.01334745762711867,0.25574712643678177,0.15768715303606726,0.18148981030601424,0.3261219842893761,-0.1206131504638937,0.0059308072487603575,0.5717926955757857,0.12312734082397005
2018-12-09,0.12345895413380074,0.11420657327012194,0.1433079508815257,0.12301029962546818,0.12301029962546818,0.05885812189434528,0.8634451498571721,0.17644302794375386,0.19950678070055972,0.14422318343806906,0.17043349868538593,0.21955622852483905,0.17347836177307654,0.23826220759874964,0.19710879297875167,0.3450964470752155,0.6300654992413103,0.6759494998885297,0.18430020299561656,0.21099112557537333,0.15173838713890175,0.17796453516826755,0.23386754359718026,0.181027513335215,0.2539464828565997,0.20679198532233914,0.3612414236718917,0.5677858184435809,0.7877096497559022,0.3207251649904589,0.32220787216615016,0.4493271097069316,0.479212160409993,-0.09963180045514453,0.05463635457278201,-0.1429703234617992,0.3304384187408358,0.19710879297875167,0.1420342205131024,-0.014724576271186418,0.3127753303964769,0.2645850507665086,0.19293638301017613,0.2418330744578412,-0.13472548565376768,0.0006589785831921341,0.5497679347651997,0.12406367041198503
2018-12-10,0.12258252994449312,0.11287487348852072,0.14227893256499966,0.12289325842696627,0.12289325842696627,0.055166272242733815,0.8626996579666079,0.1764488122024722,0.1981523442824052,0.14313501455425828,0.16948801305547226,0.21739051307437016,0.17355775690432276,0.23438262207598776,0.19642548131320173,0.3395209249322957,0.6239461828237322,0.6746390373580162,0.18296780777675986,0.2090208521364308,0.15102004699559607,0.17678462287575922,0.2314219903854018,0.17977422403898344,0.2511410983772905,0.20491728670769388,0.3571819016210737,0.5633631701963747,0.7842765947304973,0.3201645599906661,0.32188593753803124,0.44927143840101136,0.4791860719573308,-0.0952510435625688,0.053393864615756695,-0.13718654447834616,0.3281922708103029,0.19642548131320173,0.1419304141903098,-0.006885593220338978,0.3520408163265309,0.31462289082676165,0.2345420826473315,0.2107717725784112,0.0013152627666290818,0.0039538714991722386,0.4609769872231724,0.12301029962546818
2018-12-11,0.12252410166520596,0.11191604964576783,0.14166152157508405,0.12219101123595505,0.12219101123595505,0.05585542570024706,0.8619442834557248,0.17645459646119052,0.19744531143519248,0.14301259555482962,0.16849719592275458,0.2147989342496075,0.17259280069379132,0.2308664407667505,0.19482812936776012,0.3342660472154685,0.6196825805998044,0.6733032835563635,0.1816802597384333,0.20713134739051048,0.15025623286823234,0.17563652556867684,0.2290725723003209,0.17855936016199994,0.24843911639031374,0.20311930352580745,0.3532238233232007,0.5589891240834036,0.7808525288740897,0.3166069458584105,0.3198769872984916,0.4489343651713745,0.4790288187742514,-0.09111391242449993,0.05186127575332835,-0.1315687799858197,0.3289632222676348,0.19482812936776012,0.13956177279995466,-0.017161016949152518,0.4523809523809529,0.3818268566557821,0.3287550521042049,0.26174217165853075,0.0013152627666285109,-0.007578253706758412,0.5167093736137399,0.12289325842696627
2018-12-12,0.12205667543090855,0.11383369733127364,0.14248473622830485,0.1235369850187266,0.1235369850187266,0.06441719873414208,0.8610811457312699,0.1756737215342168,0.1960099495706702,0.14310781033216305,0.16814749575826604,0.2124876244831408,0.17179884938132864,0.2277464027893732,0.19349256565782152,0.3295117438904551,0.6150616032667601,0.6720368465719073,0.18081892867624205,0.20560211436210596,0.15029312145543536,0.17495200274994702,0.22706013436371086,0.17778756209261387,0.2460601700933978,0.2016877258146212,0.3495316573967036,0.5547763949409399,0.7775107769411679,0.3318533419622298,0.32829473499138784,0.4497335669414093,0.4793579333870923,-0.08610481360501501,0.05256291172489196,-0.12587501224056813,0.33055551918726755,0.19349256565782152,0.13724673814013652,-0.01430084745762713,0.5,0.4458150348747078,0.3900598294127618,0.32996913824279245,-0.21488384968510904,0.015156507413505391,0.5331806978854684,0.12219101123595505
2018-12-13,0.12375109553023662,0.11287487348852072,0.14028949715304934,0.12084503745318352,0.12084503745318352,0.06128173666823974,0.8602554962034527,0.17465569199979178,0.1945319953659544,0.14235969422454312,0.16694944889844396,0.2105584997961686,0.17118811760251135,0.22486536037584534,0.1921791873915696,0.32525340136839065,0.6103688579814752,0.6707638525912298,0.17956335394695938,0.2038349054005104,0.14922551783601304,0.173798902867265,0.2248708675454756,0.17658699323994054,0.2435372756596421,0.2000021508834592,0.34576289506166025,0.5504976817855485,0.7741057890383468,0.3167123324621675,0.3199964755031524,0.4484198876816021,0.4787500247238639,-0.08265789769665648,0.049670616551762116,-0.12049454633545628,0.3305470689875677,0.1921791873915696,0.13552597017639958,-0.032415254237288166,0.2020202020202023,0.3945421666940639,0.3788706467948155,0.3799231153213695,-0.26345019090593025,-0.0016474464579937672,0.5836062072593603,0.1235369850187266
2018-12-14,0.12077125328659072,0.11106376178554306,0.1410441105851684,0.1211376404494382,0.1211376404494382,0.05608726716264609,0.8595007784172506,0.174106187421551,0.19329255826632236,0.14192442667101882,0.16580968539937002,0.20847286121949854,0.17008880040064006,0.22281916547987396,0.1914958757260196,0.321454110938358,0.6061784883618745,0.6696810115009699,0.17853052481296333,0.20226932974662412,0.14863249904743697,0.17288558212597252,0.22287919237431209,0.1756165241853572,0.241209477798176,0.1985195349366412,0.3421659911572513,0.5463199352311578,0.7707451693548789,0.3203238196828202,0.3219481238770805,0.4485967099425969,0.4788222256111197,-0.07885678230295863,0.0481398287573914,-0.11527989982433147,0.3287933522599261,0.1914958757260196,0.13524830932413412,-0.01334745762711867,0.2717391304347808,0.3328038224846125,0.37032443760260864,0.3943108156537571,-0.15856697065724415,-0.014168039538718903,0.5576149094146342,0.12084503745318352
2018-12-15,0.1209465381244522,0.11298140947104884,0.14152431913288058,0.12365402621722844,0.12365402621722844,0.047119368181439636,0.858873151030055,0.1733137439771406,0.19281978329017405,0.14210125411463806,0.16413889572459114,0.20736270456001452,0.16927652713481292,0.2205699880502221,0.19102110723112448,0.3171380985554855,0.6019353912671583,0.6684408025013989,0.17811129266005438,0.201198489501235,0.149258119024654,0.17264923303912647,0.221339692814954,0.17528856724028902,0.2393098914733136,0.19754300163983068,0.3389170912395543,0.5423645769586012,0.7675081832605251,0.35188798070784083,0.3390391440879734,0.450127832319424,0.4794454253569762,-0.07361634644580296,0.05009718368064788,-0.10985322692497347,0.328166669495989,0.19102110723112448,0.13484644901492251,-0.0070974576271186675,0.7391304347826073,0.41453194576474417,0.4509398176462062,0.4153821645909628,-0.2453731343283524,-0.00395387149918024,0.5818366803179724,0.1211376404494382
2018-12-16,0.12304995617879053,0.11425984126138605,0.14413116553474653,0.12435627340823972,0.12435627340823972,0.05581407711739722,0.85813648023157,0.1726138486722234,0.19241515605833545,0.14260453222340055,0.1636791047675784,0.2068931628909213,0.16777412695892213,0.21853688880158487,0.1911364715382952,0.3123630340805811,0.5972748683277774,0.6672895813076887,0.17788076364285074,0.2003233454432173,0.14996011970795867,0.17259895533290906,0.21999924722305664,0.1751480771961584,0.23761044915961374,0.1967612988065905,0.3358533523519915,0.5385265176710127,0.7643285765655291,0.3607642258076322,0.3438742757826831,0.450557860265224,0.4796199436179254,-0.0682910913553544,0.05185058217794032,-0.10423662079168984,0.32861026644374225,0.1911364715382952,0.13484124617745608,0.0029661016949152808,0.8000000000000034,0.618904788112271,0.5233350468078041,0.4653831562141098,-0.2137426077161308,-0.13443163097199728,0.6124016739738154,0.12365402621722844
2018-12-17,0.12416009348524686,0.14467586427315826,0.14536598751457774,0.14823267790262173,0.14823267790262173,0.13405694278655306,0.8565338366394485,0.17355089858459186,0.19426366362273506,0.14834462308550234,0.16596510769469833,0.2072025508124169,0.16983229305353673,0.2183339062679045,0.19311541311514785,0.30883363859913004,0.5926480323863869,0.6664793239174854,0.18219635934873524,0.20287156045717436,0.1601154239122674,0.17764655206859467,0.2216486706413941,0.17980859805702132,0.23865871014597864,0.19951617180537654,0.3348733685550971,0.5360896115559227,0.7620364075530646,0.5735326373134254,0.4794983981818876,0.4649275639111892,0.4855137164000136,-0.050401332427513164,0.08103034281788878,-0.0954591779677854,0.3208485297746239,0.19311541311514785,0.14017882797046458,0.04544491525423725,0.7272727272727265,0.7745934857657459,0.5706669214153239,0.5347242731535042,0.1926510633897485,-0.04975288303130563,0.6894932639990206,0.12435627340823972
2018-12-18,0.14817411627227578,0.14329089650029295,0.1695136173423887,0.15706928838951312,0.15706928838951312,0.1382411202565028,0.8549699904537885,0.17637361683913402,0.19680642633228945,0.15676432982398816,0.16976647800126876,0.20819259216120256,0.17291038121877628,0.21846813665308026,0.19505885798210174,0.30615083667434073,0.588041701574208,0.6657870924592657,0.1876076783615801,0.20642565357721307,0.17047087883784734,0.1838014460753698,0.22424571133248133,0.1855727470756862,0.240615682913178,0.2032900027104076,0.3346585431389919,0.5341913971637712,0.7600837760222453,0.6232572076696105,0.5181182435680903,0.4701078233693876,0.4876719761077048,-0.03102195416407472,0.10766733498032847,-0.0837963385433499,0.30921273625602724,0.19505885798210174,0.14683757098171585,0.05974576271186442,0.9515151515151516,0.8471806674338309,0.726756925676568,0.6301881307329971,0.5968731166022592,-0.011861614497532431,0.7780583518167606,0.14823267790262173
2018-12-19,0.15623721881390593,0.14760560379268098,0.17575632846264666,0.15917602996254684,0.15917602996254684,0.10366326721816617,0.8538295493373447,0.17949711654702888,0.1988253032574632,0.1656057020049507,0.17375565024802755,0.2094993011472838,0.17671524020080856,0.21945685802681364,0.19718422348728648,0.30354415896581805,0.5819311730691491,0.6650021263402018,0.19269590471866468,0.20995168854516572,0.17822927755038048,0.1894585632598287,0.22690542952823484,0.1909352939608967,0.2426791695369752,0.2070099030256292,0.3346254018196815,0.5324476963517617,0.7582260854083844,0.6341533580585442,0.5268858954014461,0.4713402529234576,0.4881864144463664,-0.014343450717234031,0.12300595574056546,-0.07047197502758586,0.300706977356661,0.19718422348728648,0.15263000736154028,0.06546610169491521,0.927966101694915,0.8909159173801933,0.8634229176347002,0.7478969280479114,0.645150119472241,-0.0036243822075821717,0.7983956257305825,0.15706928838951312
2018-12-20,0.1581653520303827,0.14803174772279334,0.17904918707552994,0.1598197565543071,0.1598197565543071,0.08228435305221664,0.8529348272468106,0.18316433657444628,0.20091232792694655,0.17401180663238885,0.1777124428499263,0.2113447091025572,0.1805445284539935,0.22101851397141895,0.1996956157126196,0.30116124031723057,0.5766613548617661,0.6641038178578844,0.19722743928384573,0.2132473263643096,0.18366272066568826,0.19438258887436616,0.2294460637774818,0.1956606606360348,0.2446806522083217,0.2104688688050952,0.3346465005843241,0.5307742514059169,0.7564099523122009,0.6375848883925714,0.5296254514859754,0.4717194376068838,0.4883441826125102,-0.0007639352372455662,0.12842574867307446,-0.056560523750272824,0.2956554970529145,0.1996956157126196,0.1577095419342741,0.06684322033898303,0.9292035398230092,0.9599302457201632,0.9030075896804508,0.8629243186608351,0.826487814094082,0.06128500823722855,0.8341856258179973,0.15917602996254684
2018-12-21,0.15904177621969032,0.1462206360198157,0.17218906496535638,0.14893492509363296,0.14893492509363296,0.07772734433556339,0.8520636507012005,0.18571519466922706,0.2025308368543011,0.17972469327239535,0.18058127938452725,0.21252766292004013,0.18314013851396732,0.22133608341927385,0.20100455689013416,0.29831926957661103,0.5709345652033817,0.6631792813906816,0.19909628375291505,0.21471898109595786,0.1828687452492471,0.1962285673555568,0.23048073996966645,0.19753142834284326,0.2453503611172317,0.21202008623932636,0.3337715974979547,0.5285298305726773,0.7542217461633631,0.5449765545688761,0.4803535883502297,0.4660110638222665,0.4857993989857882,0.003985191540893069,0.1132397555257075,-0.04429406349656674,0.2950223213861067,0.20100455689013416,0.1596510146322573,0.048411016949152536,0.6454545454545455,0.8553272537753991,0.8708219149473366,0.9127870690759472,0.4686936832863533,0.014168039538711187,0.7494632907699315,0.1598197565543071
2018-12-22,0.14834940111013728,0.13641932562723058,0.16574055018179326,0.1464185393258427,0.1464185393258427,0.06404455139771813,0.8513241320274341,0.18792478149962685,0.20360416382717827,0.17930302782991872,0.1831846028312756,0.21399452565371904,0.18558306562923685,0.2216307354842937,0.2021404516068926,0.29538733385313115,0.5649997949487079,0.6621001871554051,0.2002400625295541,0.2157044386847672,0.18131846246868533,0.19725408837616287,0.23113412936330324,0.1986310698469614,0.2456988319703479,0.21305868754855808,0.33272405540490385,0.5261901930890421,0.7519651186227475,0.5260505782430207,0.4697690138970432,0.4646980286907854,0.4852119395344613,0.006296900869786668,0.09570242777557536,-0.033927297681483615,0.29524298281765515,0.2021404516068926,0.1610639213211702,0.041419491525423714,0.23691460055096364,0.6191450951565804,0.7686998097335357,0.8800021800357493,0.3949829167415924,-0.013179571663924987,0.7438604033486517,0.14893492509363296
2018-12-23,0.1461875547765118,0.13791082938262395,0.17150305275433902,0.14875936329588016,0.14875936329588016,0.06954407947700081,0.8505360507766586,0.19046985533568944,0.20486489709690706,0.1773715280611546,0.18612467458456866,0.2156506609981952,0.18828250009160968,0.22222331352616695,0.20289919378097734,0.2926399416842369,0.5596713906578632,0.6609339785417604,0.2016740225203662,0.21692813280056267,0.1812346762766219,0.19862087020756794,0.23202250941947586,0.20004233940358407,0.2462834543486731,0.2143377987555385,0.33191010402801463,0.524026801923125,0.749814847029175,0.5419064247719146,0.4809156850980447,0.4661113591181632,0.4857932608983136,0.009304868854937365,0.08321182300083899,-0.02491355056820503,0.2945583479724336,0.20289919378097734,0.16230144981296435,0.05052966101694915,0.3471074380165288,0.4202008578303151,0.6428257092621429,0.7899498763393311,0.44512213001788536,0.0006589785831921341,0.7385907631474801,0.1464185393258427
2018-12-24,0.14899211218229622,0.1405209609545624,0.17424710159840848,0.1486423220973783,0.1486423220973783,0.08514339796796491,0.8495834050197271,0.193014929171752,0.20558470764617787,0.17492314807258036,0.1889028481135613,0.21672077922077984,0.19104300773186425,0.22325786966557007,0.2044255523066215,0.2900194232091203,0.5543620268441434,0.6598174157566481,0.20289465359318384,0.21802419081771468,0.181131332032164,0.19975242624728914,0.2328309140517177,0.20122856303874884,0.2468174274784164,0.21547811863216074,0.3311184467812601,0.5218997543431062,0.7476817760757686,0.5409369482188007,0.4803866987655917,0.4660492195788218,0.4857656963597393,0.0114920725741841,0.07140483033521089,-0.01717877130130128,0.2956715104941243,0.2044255523066215,0.16391172253636072,0.04978813559322032,0.3415977961432498,0.3163510827492394,0.5207085003684833,0.6687711090587087,0.44512213001788536,0.04481054365732719,0.6753726161196698,0.14875936329588016
2018-12-25,0.1492842535787321,0.1360997176796463,0.15901763051382314,0.14068352059925093,0.14068352059925093,0.06711180009993616,0.848800670237293,0.19484275492674236,0.20647062832220348,0.1704752577600038,0.19109818803507309,0.21731407605847125,0.1928324518437991,0.2238602694429442,0.20541946018378512,0.2872097475905533,0.548317407682979,0.6586418400055442,0.20244740468269432,0.21790600702319515,0.1778333346196013,0.199013183605712,0.23261591127795944,0.20065167918837465,0.2464375967753311,0.2153557939680559,0.3297032987608555,0.5193731091843181,0.7452846631073071,0.4785603279928072,0.4454794602894852,0.461820760990669,0.4838893187103422,0.008761628442285608,0.05108752078172038,-0.011644822201710602,0.29778110264301505,0.20541946018378512,0.16447138424440713,0.03082627118644068,0.20140515222482366,0.3042149421820777,0.3691370274745317,0.5304772780051232,0.28496745693598513,-0.023064250411865585,0.5857012825810454,0.1486423220973783
2018-12-26,0.1403447268477943,0.13295690619506734,0.16423132331755508,0.1447799625468165,0.1447799625468165,0.06064743011409378,0.8481016225387356,0.19694244084149387,0.20772284312389352,0.1695095078756218,0.19371446333976552,0.21843879214955508,0.1953303448191622,0.22508798638052707,0.20709224263776144,0.284390844794257,0.542797133968797,0.6575936573238828,0.2028344877996221,0.2183722584758955,0.17729670708577044,0.19926097883343885,0.2329127669201295,0.2009774667845377,0.24653487993142814,0.2158391118112264,0.328680540350893,0.5171238511124763,0.7430582304070901,0.5097367916027528,0.4663874867978539,0.464347231052219,0.4849185063181101,0.00874252267703222,0.040827778456027385,-0.007222238283606995,0.3018913775615218,0.20709224263776144,0.16521569111013082,0.0369703389830508,0.4874999999999989,0.35219721020174466,0.33624137462230513,0.424364486571826,0.31441196038311314,0.03624382207577829,0.5691831026300191,0.14068352059925093
2018-12-27,0.14472684779433245,0.13242422628242687,0.162173286684503,0.1383426966292135,0.1383426966292135,0.06671061544013547,0.8473233576541879,0.1986719341982727,0.20886005860706108,0.1676324165510482,0.19533992151174032,0.21885373595014912,0.19712589624888527,0.2259948599584216,0.20824588570946925,0.2814542954819125,0.5374994873717697,0.6568274254797369,0.20195257594388255,0.2178946085864817,0.17432718232702796,0.19809831021079272,0.2324083110940541,0.19996773413167232,0.24591464458660955,0.21534298253620185,0.32716848587014724,0.5145618614322921,0.7406232209265039,0.4631168980791642,0.4391299566610663,0.4609130574420257,0.4833961525117846,0.005139385915176259,0.024696569533129868,-0.004547033915894866,0.30596181787590354,0.20824588570946925,0.16529271406343804,-0.017902542372881296,0.14375000000000035,0.2845783431654442,0.3168388917812984,0.35380258626790595,0.2457504973139095,-0.023064250411865585,0.4928805320760941,0.1447799625468165
2018-12-28,0.13800759567630733,0.13034677462312896,0.15805721341839885,0.14243913857677906,0.14243913857677906,0.06745653471393276,0.8465366111253425,0.20077740437174266,0.21026560583344786,0.16616338855790366,0.19734098356409174,0.21953802923533924,0.19908634525888905,0.22661035538312985,0.20963913157299327,0.2792628407712077,0.5328492169969945,0.6560780544830173,0.20196295117492694,0.21803407268018726,0.17400953656241053,0.19798782191607656,0.23243715465074524,0.1999225084685572,0.2457870330778595,0.21548809620758788,0.32605262125319023,0.5122779587305667,0.7383592687938846,0.49463083179410205,0.4601634140706798,0.4634634406191126,0.4844313061044739,0.004477825725051607,0.01829470801459732,-0.0025652978403231464,0.3102885854002264,0.20963913157299327,0.16559370796295753,-0.02648305084745765,0.3892215568862277,0.3487687599484557,0.3256095886329041,0.3387371784255476,0.284420084705456,0.010214168039534665,0.5931071773490578,0.1383426966292135
2018-12-29,0.1425065731814198,0.13029350663186492,0.16381971599094464,0.14062500000000006,0.14062500000000006,0.05893808816589401,0.8458548211359236,0.20245483940005665,0.21147096906092505,0.16429989934437775,0.19649911279773036,0.2196545046881376,0.20078417960400136,0.2271407291001656,0.2109746952829319,0.2775627332745871,0.5280275823280938,0.6554354688533303,0.2016288621272619,0.21790679494502094,0.17306172758155786,0.19750758103202906,0.2322442344931001,0.1995204858500974,0.2454672135949813,0.21535633569050053,0.32483132029156386,0.5099385962564026,0.7360528195433679,0.4812278774746722,0.4522941088030546,0.4624847867863625,0.4839996658550455,0.0029253465560457586,0.011203615059377794,-0.0013516896142573278,0.3153629036200612,0.2109746952829319,0.16555507122371793,-0.033580508474576234,0.3944223107569727,0.31695739780210497,0.33661083516126344,0.33886505348204515,0.22868048730314786,0.011861614497525002,0.5613656951872884,0.14243913857677906
2018-12-30,0.13905930470347647,0.12794971501624672,0.16059545859916308,0.1385182584269663,0.1385182584269663,0.05845577478277768,0.8451718769280472,0.20385463000989096,0.21259966607605385,0.16379662123561525,0.19444624331360288,0.22027692038902855,0.19977036485116453,0.2278020592905436,0.21215939797580105,0.2754450959857165,0.5231693313570295,0.6550139476676756,0.2009409017399998,0.21749604669058886,0.17157509283217626,0.1966520934129552,0.23181055382831134,0.19875404730791976,0.2449352574629681,0.21493164191675174,0.3234846539146224,0.507528632615291,0.7336938082891402,0.4655324432017775,0.44307589820098187,0.4613421743182197,0.4834968716419639,0.0005339761046499321,0.0036761574539138342,-0.0009534775280031996,0.3206251206051695,0.21215939797580105,0.1652520977150358,-0.03855932203389826,0.3281250000000008,0.3799716383084342,0.36300154212004976,0.3548425420029725,0.18738637638873348,0.00691927512355456,0.5559993072776821,0.14062500000000006
2018-12-31,0.13847502191060473,0.1275768390773984,0.15949783906153528,0.13728932584269662,0.13728932584269662,0.06497510965216667,0.8444116622123007,0.2027729736295644,0.21364743764481486,0.16205555102151806,0.1920242458780707,0.2208811368004199,0.19770609143876175,0.2281163548265648,0.21330416687003412,0.27356275172894257,0.5181719384377435,0.6544537928476277,0.200112259752567,0.2169505318067896,0.1700853917768918,0.1956662268040973,0.2312602179718491,0.1978510221456795,0.244301838485648,0.21436919740729468,0.322089729900943,0.5050981846736151,0.7313142212643372,0.4562323216369684,0.4376252488300168,0.460671624363881,0.4832025939633666,-0.002011683543451581,-0.002686904270057969,-0.001244530827095646,0.3264583145155724,0.21330416687003412,0.16469512748131301,-0.021080508474576272,0.2307692307692306,0.3258170458380681,0.30953472838070906,0.3492788255943554,-0.20422278849653805,-0.015156507413513109,0.5619153439439194,0.1385182584269663
