Date,Open,High,Low,Close,Adj Close
2017-08-20,0.49217453508533865,0.4686087137495934,0.5236164547062334,0.49117802988293197,0.49117802988293197
2017-08-21,0.4888204567057625,0.46087476679374356,0.3866216739205463,0.3651207556722416,0.3651207556722416
2017-08-22,0.3665080515137315,0.35092238607882015,0.34856914082672064,0.33245572590419414,0.33245572590419414
2017-08-23,0.33108676467244946,0.5323972873980791,0.3472547280948068,0.5409414720052041,0.5409414720052041
2017-08-24,0.542648337439339,0.6716389108608042,0.520794194347075,0.6727131619480253,0.6727131619480253
2017-08-25,0.6757825496040571,0.6485499743283768,0.6714992956938445,0.6390833003019327,0.6390833003019327
2017-08-26,0.6405679637132634,0.8035723543197715,0.7312652443070778,0.848954077483957,0.848954077483957
2017-08-27,0.8923466788042779,1.0,1.0,1.0,1.0
2017-08-28,1.0,0.9618171886877006,0.7951963165034163,0.8011799794401289,0.8011799794401289
2017-08-29,0.7948653302594878,0.8165422398168992,0.7936742436301553,0.7922329541809298,0.7922329541809298
2017-08-30,0.7795912480611359,0.7461981111669256,0.686506930241129,0.6649795619762741,0.6649795619762741
2017-08-31,0.6729812425050362,0.8118966262961536,0.7537183726193375,0.8196908260900485,0.8196908260900485
2017-09-01,0.8201495303710081,0.8530220774077766,0.8460003601263281,0.8137526340158938,0.8137526340158938
2017-09-02,0.8050447233276278,0.7612285007800279,0.704131981604936,0.6945462132089463,0.6945462132089463
2017-09-03,0.6920029342022891,0.6681623982085092,0.5196931603054069,0.5030394690838523,0.5030394690838523
2017-09-04,0.5018634335958692,0.4832839016200548,0.22458388808236482,0.20910197029610886,0.20910197029610886
2017-09-05,0.21244151472428655,0.24238133307465692,0.16090457429002433,0.20916115328244256,0.20916115328244256
2017-09-06,0.20802188435419233,0.23265509503863535,0.218162327525649,0.22548322411005448,0.22548322411005448
2017-09-07,0.22913969450839575,0.5118393132330373,0.24936540466258608,0.4670746645592881,0.4670746645592881
2017-09-08,0.46946260516853966,0.44258894532955684,0.3085734391270569,0.294628348252585,0.294628348252585
2017-09-09,0.2968034411412881,0.33098065788791553,0.29675510473664557,0.29201982082972555,0.29201982082972555
2017-09-10,0.2919726997372749,0.2749283598471915,0.2725693414595905,0.2686251344672263,0.2686251344672263
2017-09-11,0.26964172607171305,0.27622911187474164,0.27906458879067114,0.2787086222648384,0.2787086222648384
2017-09-12,0.2792783081508527,0.30914307773642236,0.2970595250013962,0.26833419289575383,0.26833419289575383
2017-09-13,0.26740315054480185,0.2586019225538358,0.2816478934672464,0.26303756428689723,0.26303756428689723
2017-09-14,0.26050564864319536,0.2494213888042367,0.16181442102523225,0.14523258664961133,0.14523258664961133
2017-09-15,0.1469127565861369,0.16067858139842742,0.09111779337300982,0.13406639833730621,0.13406639833730621
2017-09-16,0.1322942856786421,0.14755909765726324,0.13266063282941534,0.12310013910488465,0.12310013910488465
2017-09-17,0.12478273180269053,0.11787490143216325,0.11603302726578507,0.11088631246726904,0.11088631246726904
2017-09-18,0.11283710513389034,0.14125856532273184,0.1302232791769682,0.14526889217904293,0.14526889217904293
2017-09-19,0.14729373773810295,0.14359686114657924,0.14812063020002086,0.12926859775611932,0.12926859775611932
2017-09-20,0.1293430512909945,0.12153653015058519,0.13338924993037451,0.1200910075182286,0.1200910075182286
2017-09-21,0.11948833882680765,0.1174404549593088,0.12562112758574784,0.10941941987742655,0.10941941987742655
2017-09-22,0.10985648788615646,0.10719179915598363,0.12114586518899362,0.10805572451165331,0.10805572451165331
2017-09-23,0.10854148039365163,0.10866026116466278,0.1241163810621348,0.11579377564078014,0.11579377564078014
2017-09-24,0.11551144341631825,0.10860569073602053,0.1280636023267609,0.11299601186245872,0.11299601186245872
2017-09-25,0.11296409885121234,0.1269220669358996,0.1299404812861625,0.13431432034308227,0.13431432034308227
2017-09-26,0.13442553906405183,0.14480258535873516,0.15227269500728285,0.13377719744190242,0.13377719744190242
2017-09-27,0.13386776273699053,0.13084431649456124,0.14302628509663357,0.13225286254179486,0.13225286254179486
2017-09-28,0.13777468709930837,0.1507119512155422,0.1539529810667381,0.15095070753508835,0.15095070753508835
2017-09-29,0.15125419866752712,0.1692781282568784,0.16861010555217892,0.1462297453689313,0.1462297453689313
2017-09-30,0.14647998191808673,0.1916244835685146,0.16681914707871626,0.1936392961103847,0.1936392961103847
2017-10-01,0.19318478504707248,0.18595880290167904,0.20033496471299697,0.1810634088504923,0.1810634088504923
2017-10-02,0.18087062759074965,0.17084444068932983,0.18410851108702872,0.16383195911102172,0.16383195911102172
2017-10-03,0.16474740563663356,0.1562550836352975,0.1551766367290674,0.13591226097409226,0.13591226097409226
2017-10-04,0.13631774545214956,0.13056276130885103,0.1541299431271819,0.13689350494078467,0.13689350494078467
2017-10-05,0.13690614967574147,0.1569567370346071,0.1577175501725138,0.15601881024293368,0.15601881024293368
2017-10-06,0.15594275690959747,0.15319866919660188,0.17048556198697892,0.15994677012582106,0.15994677012582106
2017-10-07,0.16070004116339495,0.15556260371321656,0.18207458541160618,0.16209003970233443,0.16209003970233443
2017-10-08,0.16227028112698808,0.1578065773737642,0.1820418673457685,0.16306208295266408,0.16306208295266408
2017-10-09,0.1632087895987265,0.16379191843941368,0.18761418071530625,0.17283324372996045,0.17283324372996045
2017-10-10,0.1729245559957257,0.21255153730072263,0.19853006549843824,0.22442787707644,0.22442787707644
2017-10-11,0.22884237980548894,0.2377475509873625,0.2597310569298044,0.23190656747133973,0.23190656747133973
2017-10-12,0.23169973844523387,0.22152460933453522,0.2557701794290026,0.22849285303273018,0.22849285303273018
2017-10-13,0.22909337915266653,0.23464503394515873,0.26137748690374063,0.24779918864601758,0.24779918864601758
2017-10-14,0.2494995264752891,0.27380872519056604,0.2860634098307318,0.29019211095765524,0.29019211095765524
2017-10-15,0.290463715566743,0.2893471843117168,0.30535568847815103,0.2743395253325561,0.2743395253325561
2017-10-16,0.2743330233939609,0.2639225393464551,0.2959584909597281,0.26268694239307144,0.26268694239307144
2017-10-17,0.26344642472471064,0.2485322671651518,0.2823420854728459,0.24931357682573296,0.24931357682573296
2017-10-18,0.25002742192768646,0.23530599474035152,0.2462856389000391,0.23642262719741697,0.23642262719741697
2017-10-19,0.23597096047116362,0.2381286031183989,0.268842327003298,0.2494702376719104,0.2494702376719104
2017-10-20,0.2503361909658811,0.2445006415318408,0.2781598631440292,0.25487876688517946,0.25487876688517946
2017-10-21,0.2551171309121209,0.2464505934863419,0.2835853719746778,0.25050469659270114,0.25050469659270114
2017-10-22,0.2509089077302744,0.23682079456990363,0.2788113794115795,0.24483257928903823,0.24483257928903823
2017-10-23,0.24483312988192796,0.23139432996310755,0.26136752923152917,0.232680919653874,0.232680919653874
2017-10-24,0.23322988823531945,0.22980661275045589,0.2618338327959462,0.23515193366731102,0.23515193366731102
2017-10-25,0.23449932739396168,0.2248388220050925,0.26082355582386263,0.2385462520011558,0.2385462520011558
2017-10-26,0.23901631961400283,0.22730389998858724,0.26079795038103315,0.2279544867915013,0.2279544867915013
2017-10-27,0.22844122906312478,0.21760588803634615,0.2513188154455559,0.2190695788011516,0.2190695788011516
2017-10-28,0.21941346980526413,0.20916346637760647,0.242675271461081,0.21612186821291748,0.21612186821291748
2017-10-29,0.21551600771992316,0.21256212208214034,0.24365083883288455,0.22470762858747118,0.22470762858747118
2017-10-30,0.22333732666322487,0.21696515593452942,0.2533291272125912,0.22917718739571483,0.22917718739571483
2017-10-31,0.23011107194226457,0.24407960244878207,0.25900784542233146,0.2522155325001629,0.2522155325001629
2017-11-01,0.2514318230368944,0.2380486292143542,0.26832168299909837,0.23701694374085208,0.23701694374085208
2017-11-02,0.2396562683463902,0.2255091914948788,0.25455107584539854,0.22585697212879213,0.22585697212879213
2017-11-03,0.22585952149215524,0.21893980571233837,0.2495398061787469,0.21864037781622733,0.21864037781622733
2017-11-04,0.2187466282856792,0.21591491040053093,0.24770588746231478,0.22676809171671936,0.22676809171671936
2017-11-05,0.22763394743261905,0.22070370073125314,0.25414594083885195,0.22942660140954974,0.22942660140954974
2017-11-06,0.23024503786367484,0.21661915119085376,0.2514183921676706,0.2206366845989457,0.2206366845989457
2017-11-07,0.22043514671148398,0.21284179552893187,0.2510055755282751,0.2249943428027769,0.2249943428027769
2017-11-08,0.22514711163870774,0.2381003770346184,0.2560936615234152,0.24908728893680998,0.24908728893680998
2017-11-09,0.2521340235914984,0.2578468748127081,0.2744442288845498,0.2692666979325244,0.2692666979325244
2017-11-10,0.2681178014638491,0.2580750356566003,0.2692719294329928,0.24368870644393303,0.24368870644393303
2017-11-11,0.24422057195131597,0.2372959336468749,0.27107284557866695,0.24429794306795644,0.24429794306795644
2017-11-12,0.24443222814685261,0.3494805036323676,0.2636503967122384,0.345207421447019,0.345207421447019
2017-11-13,0.35432412486948595,0.35996178940951684,0.3785161287404111,0.3789044234557592,0.3789044234557592
2017-11-14,0.38115715031775693,0.3599170981101978,0.40673332673850926,0.3631587650748764,0.3631587650748764
2017-11-15,0.36317135384291827,0.4538064614586468,0.4162443262250632,0.47815279952932116,0.47815279952932116
2017-11-16,0.4843507509698772,0.5828255147238073,0.5185893096650276,0.45212474380978285,0.45212474380978285
2017-11-17,0.45129005322705107,0.49644198453078875,0.4614152008759793,0.5118050412962963,0.5118050412962963
2017-11-18,0.5124686540287,0.5203282844082783,0.5382713316028037,0.5013957984058391,0.5013957984058391
2017-11-19,0.4939624323201302,0.4750536695461349,0.5148366613154136,0.46253891032683425,0.46253891032683425
2017-11-20,0.4629834106115004,0.4494078732144532,0.493484567044822,0.4391019752694691,0.4391019752694691
2017-11-21,0.4387898873259448,0.4285841034271452,0.4735407721298524,0.4213694346234395,0.4213694346234395
2017-11-22,0.42393411247216006,0.40317829937280697,0.42718923051006863,0.4010905584238028,0.4010905584238028
2017-11-23,0.39859515565781783,0.3918008354356277,0.4357101528738823,0.38477050180707034,0.38477050180707034
2017-11-24,0.38235736545009424,0.4516071790974182,0.4366461740617603,0.4481286488922089,0.4481286488922089
2017-11-25,0.4476669971740412,0.4490856724680991,0.5082589360079299,0.4585851387045291,0.4585851387045291
2017-11-26,0.45966663352379644,0.4786501195327604,0.518151172087723,0.4964373582903178,0.4964373582903178
2017-11-27,0.49671642803426647,0.4840225076673804,0.5322938832267193,0.4793563278299786,0.4793563278299786
2017-11-28,0.47964700328318605,0.46562613404172015,0.530316574030442,0.4708146314267625,0.4708146314267625
2017-11-29,0.4709591389746283,0.4521387703419505,0.44526098304928213,0.3898806045417719,0.3898806045417719
2017-11-30,0.3967400264550324,0.3961429244687874,0.3860782695227205,0.38283588955758474,0.38283588955758474
2017-12-01,0.3818543707265836,0.3893028034993192,0.41454583185070704,0.40499469591135084,0.40499469591135084
2017-12-02,0.40655838385504484,0.39930189367855207,0.44941475488606614,0.42305542859672157,0.42305542859672157
2017-12-03,0.42767173677877746,0.44980070973546793,0.4775892771461152,0.43561313822509723,0.43561313822509723
2017-12-04,0.4355079712586823,0.41703965868266796,0.44799789193234224,0.4164135309216183,0.4164135309216183
2017-12-05,0.4179131162273642,0.39793290509346263,0.44751710706748055,0.3927676650024145,0.3927676650024145
2017-12-06,0.39279077085360725,0.3732115835708009,0.401137114955664,0.3633278593215441,0.3633278593215441
2017-12-07,0.35793722063094113,0.35529978123844197,0.38103968738371746,0.3464283813751639,0.3464283813751639
2017-12-08,0.34869407006821085,0.34248043485481017,0.35599187419806955,0.35126994752607654,0.35126994752607654
2017-12-09,0.35204321810346734,0.3389074830829319,0.3597672544908177,0.3311278387318329,0.3311278387318329
2017-12-10,0.3330140810882774,0.3136968859196721,0.3404920461386181,0.31199780873749755,0.31199780873749755
2017-12-11,0.3107030280058249,0.40268196721126376,0.35394912887011687,0.38163728488352133,0.38163728488352133
2017-12-12,0.37957844410634234,0.36838021889704314,0.3953758903190287,0.3829776054563729,0.3829776054563729
2017-12-13,0.38513377182022857,0.3964228331329438,0.4261849281413119,0.39920319309618024,0.39920319309618024
2017-12-14,0.3975816710914017,0.44103888641701566,0.44840191736969964,0.45262203009579177,0.45262203009579177
2017-12-15,0.4524280165371717,0.5034279167447197,0.455099191644705,0.5298807189290564,0.5298807189290564
2017-12-16,0.5263508352837452,0.580845008033614,0.5657886190464037,0.568628143350145,0.568628143350145
2017-12-17,0.5689011759045507,0.5387152258176084,0.5665681909785936,0.5150452103308627,0.5150452103308627
2017-12-18,0.5162884258399146,0.7679839670198909,0.5383481763817842,0.7579963177241107,0.7579963177241107
2017-12-19,0.760577026582549,0.8761815791496553,0.8548826321894499,0.8639388117548351,0.8639388117548351
2017-12-20,0.8593682032682356,0.9408545936116656,0.862399252184507,0.9047651256046985,0.9047651256046985
2017-12-21,0.9068339726719978,0.9104645335964255,0.9433267052222044,0.8956788462600083,0.8956788462600083
2017-12-22,0.902742733114461,0.8728438682643507,0.715822317231692,0.7119280822275481,0.7119280822275481
2017-12-23,0.7141944388853567,0.7684802521379611,0.7980954216415552,0.7452346754608936,0.7452346754608936
2017-12-24,0.744027977263742,0.7019489969719998,0.7228723491574116,0.689853798130315,0.689853798130315
2017-12-25,0.7012709356924482,0.7747841245590733,0.759183740589324,0.6759458212086956,0.6759458212086956
2017-12-26,0.6817761550470777,0.7195879706828839,0.7460111343276609,0.6841195635578026,0.6841195635578026
2017-12-27,0.684094462707884,0.8582721760344177,0.7547852945210582,0.8702052207351322,0.8702052207351322
2017-12-28,0.8674086237250112,0.8256380717934204,0.7766579758948654,0.7123881180456882,0.7123881180456882
2017-12-29,0.7222523396538106,0.7061758765398622,0.7919274118698355,0.7180701820697434,0.7180701820697434
2017-12-30,0.7175660224773401,0.6811323072273734,0.6841171173608687,0.6154697860908046,0.6154697860908046
2017-12-31,0.6017851033730104,0.8238457625168333,0.6355862396008828,0.7187166940284366,0.7187166940284366
2018-01-01,0.722817561298809,0.7162078971501722,0.7298740152466755,0.6877749584351421,0.6877749584351421
2018-01-02,0.6812159135478565,0.6721869673208751,0.7022940798196192,0.6367980412918204,0.6367980412918204
2018-01-03,0.6291360639821241,0.628923437406354,0.6780628242058038,0.6115433182159762,0.6115433182159762
2018-01-04,0.6116606826480042,0.5804145602559616,0.6475439529517626,0.5997166428028267,0.5997166428028267
2018-01-05,0.5972581259606856,0.5680585685593228,0.6203026637313724,0.5555059822063119,0.5555059822063119
2018-01-06,0.5569040047269551,0.6045125792835411,0.6187605901622124,0.6250285595209261,0.6250285595209261
2018-01-07,0.6333990687675212,0.6141964781938919,0.6509210263560521,0.6022057847141784,0.6022057847141784
2018-01-08,0.6047183843351307,0.5734333088675911,0.5390081993464524,0.4859361082362325,0.4859361082362325
2018-01-09,0.48774223024424107,0.5837617033575961,0.5441548933551799,0.5472277992930865,0.5472277992930865
2018-01-10,0.5491499426523764,0.535008200147773,0.5133230951392704,0.4862519414754865,0.4862519414754865
2018-01-11,0.47965945364762935,0.46035020854841996,0.4560294942836845,0.4177264731465903,0.4177264731465903
2018-01-12,0.42045301547453307,0.4528444224364623,0.4641521097590394,0.4525822929478249,0.4525822929478249
2018-01-13,0.452515169088275,0.44876102546115065,0.5006227954958433,0.46560752330143584,0.46560752330143584
2018-01-14,0.46654672981591117,0.5175409586349565,0.4840702992311795,0.44735277983481475,0.44735277983481475
2018-01-15,0.44372020674477575,0.4241149499735003,0.4757627555576116,0.41506823698857065,0.41506823698857065
2018-01-16,0.4138866683663904,0.3935696464974675,0.27551396738498185,0.2753018705305033,0.2753018705305033
2018-01-17,0.2734714581744822,0.26579957391785664,0.23246609690004288,0.26606385396622984,0.26606385396622984
2018-01-18,0.2695844543952737,0.2734370817541231,0.2807773084110437,0.26764289582849465,0.26764289582849465
2018-01-19,0.2672412958070385,0.30882553429389203,0.2818015261242233,0.3197711707240168,0.3197711707240168
2018-01-20,0.32032217957474385,0.33717628327772947,0.3614116929303116,0.346614882382518,0.346614882382518
2018-01-21,0.3465028059261842,0.3283532799226831,0.31412697517185306,0.2857434402622353,0.2857434402622353
2018-01-22,0.289858627854797,0.28438645008729857,0.28116423510268934,0.2648603007987714,0.2648603007987714
2018-01-23,0.26512473385167185,0.28963414949681826,0.27977869614069356,0.279372565851019,0.279372565851019
2018-01-24,0.2805432651782953,0.3714380211181913,0.3140643840893809,0.3679680043845143,0.3679680043845143
2018-01-25,0.37590807666844783,0.4172136724891745,0.4243555615036051,0.4191613124299688,0.4191613124299688
2018-01-26,0.42425530697406916,0.45733469840946955,0.4422338791474878,0.40999538472173797,0.40999538472173797
2018-01-27,0.4122208096038724,0.4117660618412796,0.4525841681490084,0.40638223853926436,0.40638223853926436
2018-01-28,0.4008088055551136,0.3898814617385555,0.44808614535862795,0.39360070283526283,0.39360070283526283
2018-01-29,0.3936473808280374,0.3833729737317714,0.40298924198699715,0.3818834662132288,0.3818834662132288
2018-01-30,0.3852881812400548,0.3795907020269244,0.3925194609189389,0.3478482757111531,0.3478482757111531
2018-01-31,0.34869905021398817,0.3285132277307724,0.3544697728743165,0.33497473284352364,0.33497473284352364
2018-02-01,0.3364229908728619,0.32936941893878013,0.3047127073582105,0.28063828602092883,0.28063828602092883
2018-02-02,0.280411291315196,0.2649551435780908,0.25644417158525884,0.27139778277655735,0.27139778277655735
2018-02-03,0.2731577089905103,0.27875299419944566,0.2817531602877676,0.28289867823006065,0.28289867823006065
2018-02-04,0.2843107454588478,0.27493071202083985,0.2676869525218473,0.24574270420492628,0.24574270420492628
2018-02-05,0.24231815626437475,0.23301262543318801,0.21279115913478291,0.1960053722236838,0.1960053722236838
2018-02-06,0.19703667879855077,0.23564941209301393,0.18856357363443965,0.2472371989438572,0.2472371989438572
2018-02-07,0.2456697943725199,0.2407042332633671,0.2515114252766177,0.23352564488318323,0.23352564488318323
2018-02-08,0.23377720625624837,0.24446065457981853,0.2684041894259934,0.2505743236354467,0.2505743236354467
2018-02-09,0.251060802176483,0.2833703110712015,0.2771271102832397,0.2993729338796735,0.2993729338796735
2018-02-10,0.29990358188767796,0.3002777352557052,0.31139288288750416,0.2830180388747673,0.2830180388747673
2018-02-11,0.2828714833291986,0.2690173474688306,0.2950679905591025,0.2639302824420989,0.2639302824420989
2018-02-12,0.27361339232913623,0.276092685803136,0.3137628088738337,0.2902493045999105,0.2902493045999105
2018-02-13,0.2905707887009556,0.2867433280829681,0.3178682148741619,0.3012901642352737,0.3012901642352737
2018-02-14,0.3006182328067253,0.3056759737787208,0.34477384518954957,0.32368023183815886,0.32368023183815886
2018-02-15,0.3241618719690677,0.30765415181700234,0.3556846088841156,0.318873479208619,0.318873479208619
2018-02-16,0.31852683702201523,0.3015690785886619,0.34886502594386143,0.3174958584342967,0.3174958584342967
2018-02-17,0.3178470471234093,0.30897136906009115,0.3534711606039664,0.3200397321746067,0.3200397321746067
2018-02-18,0.31580767742759136,0.30249113065882405,0.3159705670555763,0.28959033437392606,0.28959033437392606
2018-02-19,0.29450510386504886,0.3002353961300345,0.3247390087000751,0.31291539369367977,0.31291539369367977
2018-02-20,0.31367368496200415,0.3004423874110913,0.31009269540160667,0.28978180874147624,0.28978180874147624
2018-02-21,0.2792957386610734,0.2766031074848329,0.28010018670066383,0.2647185600331822,0.2647185600331822
2018-02-22,0.261322392550678,0.2678835997703149,0.257290858228154,0.2323496938648131,0.2323496938648131
2018-02-23,0.2434710600118274,0.25755285310666154,0.26303131400560537,0.2508279650054483,0.2508279650054483
2018-02-24,0.24807022463719453,0.26064596145427177,0.2500752444388037,0.2293005267285783,0.2293005267285783
2018-02-25,0.23303815262289213,0.2454132849074095,0.2296770951660707,0.2293567256987944,0.2293567256987944
2018-02-26,0.21908826628600425,0.2285623128904667,0.22540183972830688,0.2199908937774809,0.2199908937774809
2018-02-27,0.22169910770977114,0.2329985123912978,0.23486077481444081,0.2270252144388582,0.2270252144388582
2018-02-28,0.22829431476269343,0.24099825496941374,0.2432226589277914,0.21144392561245687,0.21144392561245687
2018-03-01,0.21194076106637574,0.21155539176063679,0.24287243337086803,0.21983945495950935,0.21983945495950935
2018-03-02,0.21979644301554102,0.2156919243386652,0.24998334934953778,0.21972059165082233,0.21972059165082233
2018-03-03,0.22006661592396135,0.21905082830854156,0.248699378644099,0.2249446092008158,0.2249446092008158
2018-03-04,0.2240213496857416,0.21416559885823605,0.24762992464858732,0.22178577947225683,0.22178577947225683
2018-03-05,0.22283034782309238,0.21271877684712195,0.23531285313284164,0.21132854365590711,0.21132854365590711
2018-03-06,0.21164319735618006,0.199893785246734,0.21507658715977515,0.18760238283633712,0.18760238283633712
2018-03-07,0.1879673353234494,0.17943669580947091,0.16246252323373866,0.1421157818147095,0.1421157818147095
2018-03-08,0.14262485107185313,0.15375190043869918,0.1488560754190679,0.13658963263280238,0.13658963263280238
2018-03-09,0.13575150287726678,0.13568226725453444,0.13694214737542643,0.14436100527524315,0.14436100527524315
2018-03-10,0.1445810523331896,0.13569920290480272,0.1527162381780737,0.1331401100007808,0.1331401100007808
2018-03-11,0.132807987715574,0.13740993879926425,0.14665599887017405,0.14275908595607625,0.14275908595607625
2018-03-12,0.14279492305014904,0.13666171236171687,0.15106753216477486,0.1363640907479088,0.1363640907479088
2018-03-13,0.13591460265147445,0.1341874609009935,0.15384970578065915,0.1382216407811557,0.1382216407811557
2018-03-14,0.13878839577228452,0.13321060318482428,0.1388810484074595,0.1230252900339332,0.1230252900339332
2018-03-15,0.12288230817406018,0.11930949214030584,0.13206658655577116,0.12399086791600789,0.12399086791600789
2018-03-16,0.12416768379918988,0.1205617893906995,0.13492984407394884,0.12212585784246682,0.12212585784246682
2018-03-17,0.12245625670280932,0.11479966960428065,0.12562880921859668,0.10945846075496601,0.10945846075496601
2018-03-18,0.109384868081043,0.1081392547015482,0.11381275086754797,0.11367686487330611,0.11367686487330611
2018-03-19,0.1136433907352406,0.12023954160087244,0.12725845340223357,0.12803520442748417,0.12803520442748417
2018-03-20,0.13299275112391307,0.1349923747234667,0.1450895147788499,0.13612909947864263,0.13612909947864263
2018-03-21,0.13670520079362608,0.15118215072785188,0.15671552384311976,0.15442111827993346,0.15442111827993346
2018-03-22,0.154522419333902,0.15901324245537948,0.16428989833700328,0.15636097742442603,0.15636097742442603
2018-03-23,0.15642060189693255,0.1490496700982371,0.16485179555465043,0.1584928082724884,0.1584928082724884
2018-03-24,0.16082080969849527,0.1561464132127427,0.17839309174256612,0.1555687211451858,0.1555687211451858
2018-03-25,0.15345492508653064,0.14423712281366635,0.16813412882047074,0.147069994574064,0.147069994574064
2018-03-26,0.14791351688009208,0.14108850316795452,0.15662391325877423,0.14298736318907768,0.14298736318907768
2018-03-27,0.1431948287560689,0.13467812432404408,0.15324598633972383,0.13442174492331824,0.13442174492331824
2018-03-28,0.134585650750793,0.1347508064897788,0.15324228777575957,0.13889428774767953,0.13889428774767953
2018-03-29,0.13945000813880323,0.13113034081020336,0.14175454810276894,0.12432557505720604,0.12432557505720604
2018-03-30,0.12444383288254302,0.12087157066019019,0.13376906399901195,0.12352635607369125,0.12352635607369125
2018-03-31,0.12438183006761519,0.1225314996038469,0.14248117366928584,0.126347991980954,0.126347991980954
2018-04-01,0.1266348480172807,0.12503891671301232,0.1334054667108332,0.12164667458757164,0.12164667458757164
2018-04-02,0.12177248268758151,0.12143091755377328,0.13897123646720339,0.12808667870551388,0.12808667870551388
2018-04-03,0.12899668215218096,0.12382919380565419,0.14382915798179832,0.12739886299039194,0.12739886299039194
2018-04-04,0.12772574894980557,0.11977733947896721,0.13090665999559528,0.11600787879722266,0.11600787879722266
2018-04-05,0.11606199853200239,0.11144594041643069,0.13045771123131822,0.11800468291596061,0.11800468291596061
2018-04-06,0.11770918174785536,0.11369791146738281,0.127789339583565,0.11190485663543229,0.11190485663543229
2018-04-07,0.11223127040007777,0.11049142834992101,0.1288186783853105,0.11410631452624018,0.11410631452624018
2018-04-08,0.1141869736468365,0.11045732183201959,0.1306096368587732,0.11643061441389196,0.11643061441389196
2018-04-09,0.1161638425131489,0.11540276692772342,0.12931314793684,0.11431221163835911,0.11431221163835911
2018-04-10,0.11412721189750849,0.10876046376208344,0.12960789503429948,0.11380144754621865,0.11380144754621865
2018-04-11,0.1142778613072728,0.11440967921338044,0.13090779801527658,0.12187196780445542,0.12187196780445542
2018-04-12,0.12128542443055831,0.1543589964573442,0.13702038622851656,0.16266794415712235,0.16266794415712235
2018-04-13,0.16247073199452572,0.1616457952026383,0.17200794781565226,0.1509594109154315,0.1509594109154315
2018-04-14,0.15021932437499733,0.14805164281923253,0.16734804172560538,0.149483566277236,0.149483566277236
2018-04-15,0.14991951959920183,0.15219617278766542,0.17227908100472447,0.15934051751791525,0.15934051751791525
2018-04-16,0.15915445292139957,0.14984987957341353,0.16781064672605817,0.14964520048360955,0.14964520048360955
2018-04-17,0.15012320756149478,0.14579684915990232,0.1705492910891323,0.1483735122814643,0.1483735122814643
2018-04-18,0.14868967259948945,0.15200352976586365,0.17101531014862903,0.16025611313001903,0.16025611313001903
2018-04-19,0.16085816079182527,0.16041678447136354,0.18239920552570008,0.16964755785634247,0.16964755785634247
2018-04-20,0.1702805966025396,0.1824829959014785,0.1893425481062968,0.19087584851741643,0.19087584851741643
2018-04-21,0.19161305103974616,0.18048388351772646,0.19257964508978503,0.17531495046781911,0.17531495046781911
2018-04-22,0.17660762280535247,0.17752508428543834,0.19740228799425935,0.17872394021424237,0.17872394021424237
2018-04-23,0.17873040994294073,0.1797347162107197,0.20526230542815183,0.19066174536097394,0.19066174536097394
2018-04-24,0.19088296166878907,0.24112762452007425,0.21928953601998727,0.25016402141926763,0.25016402141926763
2018-04-25,0.24898408138733513,0.2343204339816833,0.23167033663788641,0.20686768822800658,0.20686768822800658
2018-04-26,0.20838095286473798,0.23570586426057488,0.23275913696798037,0.24901020185377026,0.24901020185377026
2018-04-27,0.2491459361250985,0.27701944222059494,0.27604883663519786,0.26530790321642117,0.26530790321642117
2018-04-28,0.26521686654855253,0.30272634802366133,0.3034011396755,0.3158994098113455,0.3158994098113455
2018-04-29,0.31668169301151333,0.30394712614716685,0.3189550236698136,0.2926738176955139,0.2926738176955139
2018-04-30,0.2915419171275356,0.2870985063038724,0.29239933440642896,0.2591658033742259,0.2591658033742259
2018-05-01,0.2610111334395947,0.2515783320397946,0.27432189176880895,0.2656460917097566,0.2656460917097566
2018-05-02,0.26592155717604515,0.2974104355783388,0.2994180707909126,0.30394096521980013,0.30394096521980013
2018-05-03,0.30419895762062776,0.3614107048551779,0.3414138420804798,0.33987349263669153,0.33987349263669153
2018-05-04,0.34056398208671446,0.32082867642153845,0.3485207749902649,0.31836370978851775,0.31836370978851775
2018-05-05,0.31775242435363993,0.3117963296117869,0.3549705015340932,0.31393990589407833,0.31393990589407833
2018-05-06,0.31340724716291674,0.2973680964526681,0.3262895605158609,0.29002053003088946,0.29002053003088946
2018-05-07,0.2904213843276356,0.2756528293308903,0.3024082175035564,0.28071537310396855,0.28071537310396855
2018-05-08,0.2815965660102013,0.27651372488619474,0.31345554355987976,0.27922585172523373,0.27922585172523373
2018-05-09,0.28028678767076265,0.2638896089153779,0.30090034142581973,0.2710844610842024,0.2710844610842024
2018-05-10,0.270493330999637,0.26009790499420093,0.2955943246617087,0.2582705985389262,0.2582705985389262
2018-05-11,0.25861568332069745,0.24341864165358934,0.23978669300499414,0.21587518954719043,0.21587518954719043
2018-05-12,0.21581581249571863,0.2135133411055423,0.2166370966477724,0.22009309632951093,0.22009309632951093
2018-05-13,0.2197264719673695,0.2198246934388562,0.23876247529181463,0.22863509113433889,0.22863509113433889
2018-05-14,0.22908192481737866,0.2170347802745212,0.24042227699700616,0.2265298677633257,0.2265298677633257
2018-05-15,0.22615235406386247,0.23558825557815627,0.254243241521604,0.2279783589204426,0.2279783589204426
2018-05-16,0.22762075004630916,0.21448031969238834,0.23748703973398558,0.21498719608417508,0.21498719608417508
2018-05-17,0.21530036740776465,0.21309441897876708,0.2338260304192091,0.20573326476727405,0.20573326476727405
2018-05-18,0.20683461760087601,0.20032046954654886,0.2267060102830889,0.21084637638489426,0.21084637638489426
2018-05-19,0.21088073703767032,0.20391035696869547,0.23569864180480585,0.20892566467715676,0.20892566467715676
2018-05-20,0.2088637779978504,0.20885933032487186,0.23643266449925124,0.2173308920765917,0.2173308920765917
2018-05-21,0.21838980084073326,0.21195855432396787,0.23799374299708917,0.21097120772581662,0.21097120772581662
2018-05-22,0.21283818333545115,0.20017628130190365,0.22248537979002797,0.19384519322250365,0.19384519322250365
2018-05-23,0.1939529725332261,0.18301858584121303,0.17445981121903614,0.1556100000348135,0.1556100000348135
2018-05-24,0.15597338480612802,0.1631834111165796,0.17511986263419627,0.1692946979504285,0.1692946979504285
2018-05-25,0.17009359212860073,0.16165873215770438,0.18133174306463068,0.16053785398512863,0.16053785398512863
2018-05-26,0.16175782412650047,0.16085123094421794,0.18364192301769133,0.16615551299464418,0.16615551299464418
2018-05-27,0.16655818664127192,0.15692898138555633,0.18233945949243124,0.16177771268201874,0.16177771268201874
2018-05-28,0.16276480960267725,0.15618922277314304,0.17431898128347395,0.15266502479468724,0.15266502479468724
2018-05-29,0.15408590955651877,0.1603194044823209,0.1727035623458534,0.16483284785048882,0.16483284785048882
2018-05-30,0.16726960046556388,0.16007501364025498,0.1815761327911921,0.16069600683936494,0.16069600683936494
2018-05-31,0.16183103226942733,0.161091152656352,0.1848581815520921,0.16656482053878396,0.16656482053878396
2018-06-01,0.16647850430883454,0.17795247423734767,0.19151161361887492,0.1828480991568662,0.1828480991568662
2018-06-02,0.18270556230240803,0.18466416652561465,0.20823538184557597,0.18963375180843806,0.18963375180843806
2018-06-03,0.18941780278109768,0.18199280291315761,0.21365093300401314,0.18805893730233997,0.18805893730233997
2018-06-04,0.18930375744279673,0.17992100836367086,0.19444656637697522,0.1722051083371918,0.1722051083371918
2018-06-05,0.17244347391363535,0.16752693497566487,0.18868335020589766,0.1761959812265599,0.1761959812265599
2018-06-06,0.17637604602670648,0.1665573689978056,0.1917545808208348,0.17007054214102157,0.17007054214102157
2018-06-07,0.17041481153123872,0.1635105984710683,0.18936502399500266,0.16758013202281974,0.16758013202281974
2018-06-08,0.16878256875271777,0.16112126047905118,0.18683093866964415,0.16253540410789605,0.16253540410789605
2018-06-09,0.16225409565321172,0.15623344363773245,0.18475149220696924,0.16033792490524504,0.16033792490524504
2018-06-10,0.1614054788127541,0.15159189937739836,0.14414325141384013,0.12972341154605352,0.12972341154605352
2018-06-11,0.13009580032523838,0.12727065907058843,0.14346954376250415,0.13488924078175252,0.13488924078175252
2018-06-12,0.13532619842788252,0.13092664257225428,0.14233209309103406,0.12504173892544584,0.12504173892544584
2018-06-13,0.12580515573077702,0.120889211962553,0.13192860166941225,0.12392944691758592,0.12392944691758592
2018-06-14,0.12357380141524288,0.12358950731088497,0.13715524156075187,0.1294575854435715,0.1294575854435715
2018-06-15,0.12941053226627733,0.12362996469763698,0.14422433531613346,0.12508724517124023,0.12508724517124023
2018-06-16,0.12515350365581301,0.12000244249711645,0.14152836669110844,0.1256208867202828,0.1256208867202828
2018-06-17,0.1270726028311083,0.1205100415704353,0.1424151685277698,0.1266896618264267,0.1266896618264267
2018-06-18,0.12690327787467895,0.12340156863638,0.1404572056660748,0.1272934277542344,0.1272934277542344
2018-06-19,0.12733480750628487,0.12358268600730471,0.14448949390187885,0.12918429930079528,0.12918429930079528
2018-06-20,0.12963065470963547,0.12204624618018758,0.1430937127627513,0.12687740617382987,0.12687740617382987
2018-06-21,0.12807684922710755,0.1222266578990178,0.1393157719257202,0.12283008564623593,0.12283008564623593
2018-06-22,0.12198040377378516,0.115179310431128,0.11893270141376466,0.10576076744915858,0.10576076744915858
2018-06-23,0.10549363117792375,0.10115588635689417,0.11761117605884264,0.10513909742464488,0.10513909742464488
2018-06-24,0.10541345083090868,0.09873761662900209,0.10391197964014506,0.10003941387955415,0.10003941387955415
2018-06-25,0.10101697813867898,0.10054573251250624,0.11392399229139605,0.10448261387875843,0.10448261387875843
2018-06-26,0.10461438644093558,0.09886816226648679,0.11345171412365215,0.09801923496789447,0.09801923496789447
2018-06-27,0.09780353907585473,0.09665664860228665,0.1115142356162207,0.10038531108119356,0.10038531108119356
2018-06-28,0.10086607972162578,0.09627112734131836,0.10690070382818723,0.09262487983118428,0.09262487983118428
2018-06-29,0.09305546809174534,0.09669334251120128,0.106278776072351,0.10180147539703577,0.10180147539703577
2018-06-30,0.10519108732195076,0.10390604778657166,0.11674514308136524,0.10907775003195382,0.10907775003195382
2018-07-01,0.10924293392638901,0.10548882543456171,0.12169979626887159,0.11011146294871518,0.11011146294871518
2018-07-02,0.10996654910783552,0.1077311525735555,0.12081413245189154,0.11416723818864252,0.11416723818864252
2018-07-03,0.11399274796152048,0.11135726346988703,0.12930518179907083,0.11507810910855998,0.11507810910855998
2018-07-04,0.1151287192133302,0.11760887059253228,0.1291381774108385,0.11745636995433956,0.11745636995433956
2018-07-05,0.11806899728026768,0.1141281240276702,0.12968584938246924,0.11419583500977015,0.11419583500977015
2018-07-06,0.11495740219858994,0.12610962615775162,0.1299256870303055,0.12790664306641472,0.12790664306641472
2018-07-07,0.12812341359012558,0.12332959212273978,0.1411593638094435,0.13088145846771765,0.13088145846771765
2018-07-08,0.13130273865437514,0.13133545035234148,0.1512703841729685,0.1345125087468972,0.1345125087468972
2018-07-09,0.13486005678312415,0.13172402943905268,0.1513580116884294,0.13332089164390937,0.13332089164390937
2018-07-10,0.13143819861951853,0.12578173315116845,0.12823402077403714,0.11110638365594688,0.11110638365594688
2018-07-11,0.11083384149495809,0.10827967946835605,0.12051654030522882,0.10809675473327121,0.10809675473327121
2018-07-12,0.10852404988343098,0.10163902282426994,0.11299536823144657,0.10025849039619278,0.10025849039619278
2018-07-13,0.10060636511933788,0.10053161947061602,0.1162489665003138,0.10269618289631588,0.10269618289631588
2018-07-14,0.10299036090294723,0.09736488808781173,0.11637727821938157,0.10215582731100856,0.10215582731100856
2018-07-15,0.10208671345165016,0.10298164354276114,0.11688995608581201,0.10703767767950968,0.10703767767950968
2018-07-16,0.10775810346287715,0.11041780531472689,0.12174560156104436,0.1176167608206641,0.1176167608206641
2018-07-17,0.11789792927281628,0.11786478708547524,0.1295931007784424,0.1220303693267015,0.1220303693267015
2018-07-18,0.12182402719637689,0.13078574737071677,0.1404913462565141,0.13035229294285158,0.13035229294285158
2018-07-19,0.13402214725608783,0.1280066542051643,0.14363341859661288,0.12894856202749966,0.12894856202749966
2018-07-20,0.12895509793494023,0.12201872574850162,0.13641808931218288,0.12217260742831024,0.12217260742831024
2018-07-21,0.12158821729382016,0.11866734873430004,0.13480949849265023,0.12462198732489418,0.12462198732489418
2018-07-22,0.12539802881348003,0.12442452895605735,0.13948306081887288,0.12586308936183332,0.12586308936183332
2018-07-23,0.12601457086071385,0.12294430607913631,0.14405989147218407,0.12501015808820054,0.12501015808820054
2018-07-24,0.12591397191601172,0.1224249461375756,0.14183335596569974,0.1297895572366618,0.1297895572366618
2018-07-25,0.1283079279911758,0.12400419552509312,0.14329286620698067,0.126955239260899,0.126955239260899
2018-07-26,0.1267237436194061,0.12049875113692313,0.1331164097117803,0.11696251528686588,0.11696251528686588
2018-07-27,0.11677017526153921,0.11314891413785261,0.12838423937197016,0.1190699766699673,0.1190699766699673
2018-07-28,0.11867931414527988,0.11257898246285186,0.1323556435548241,0.11679590772029622,0.11679590772029622
2018-07-29,0.11793677440987949,0.1112093117474044,0.13092685984493854,0.11703587234975851,0.11703587234975851
2018-07-30,0.11759289534395465,0.11119096479294707,0.1257440337113294,0.1135162253389718,0.1135162253389718
2018-07-31,0.11367825175568194,0.10650778705903682,0.12017911746972018,0.10625263277255378,0.10625263277255378
2018-08-01,0.10645031718174945,0.09989394519454214,0.11644726642978218,0.10346804839875208,0.10346804839875208
2018-08-02,0.10359395457116001,0.10237548839357546,0.11812954402367967,0.1045731290343276,0.1045731290343276
2018-08-03,0.10492141242810814,0.10533899197316036,0.11697473855206966,0.1094306099378678,0.1094306099378678
2018-08-04,0.10933606265242513,0.10521409155243176,0.11809796397752328,0.10430655692781614,0.10430655692781614
2018-08-05,0.10459546188698172,0.10778642865429226,0.11944537928019519,0.11199860447512897,0.11199860447512897
2018-08-06,0.11250368437409791,0.11492527567710376,0.1284772724809173,0.11666709769121697,0.11666709769121697
2018-08-07,0.11632146412700148,0.11113662958166967,0.11966245653440513,0.10345337698617359,0.10345337698617359
2018-08-08,0.10337806525171263,0.09677802076254269,0.08645618025344096,0.0812622437911328,0.0812622437911328
2018-08-09,0.08121218341866937,0.0817523354967372,0.09029130657945794,0.08579546160988663,0.08579546160988663
2018-08-10,0.08548465048104349,0.08145360944339386,0.08541944432376691,0.0759641231742173,0.0759641231742173
2018-08-11,0.07549746613917958,0.07044143807380687,0.07690734161248342,0.06958802673479504,0.06958802673479504
2018-08-12,0.06928398726008989,0.06781664749958766,0.07976121046829027,0.07105740600473562,0.07105740600473562
2018-08-13,0.07093141948323169,0.0668743667360495,0.06805667804600996,0.05910890813358245,0.05910890813358245
2018-08-14,0.05913893229708453,0.055040816328450745,0.054061596510171596,0.05157526210851572,0.05157526210851572
2018-08-15,0.05168888322148299,0.05294220699937252,0.060145734231378804,0.05243838877055054,0.05243838877055054
2018-08-16,0.052519073522564436,0.052477417486454056,0.060808346190821934,0.05391771476088332,0.05391771476088332
2018-08-17,0.05392920179941631,0.06376643969445452,0.06244481849254669,0.06833275062129701,0.06833275062129701
2018-08-18,0.06854319057571158,0.06656482068392364,0.06713431309430765,0.061948696805561004,0.061948696805561004
2018-08-19,0.061758488975961756,0.06165724558395862,0.06905728185080237,0.06508638975328651,0.06508638975328651
2018-08-20,0.06505210838580104,0.06164477906362224,0.06499682762788589,0.05637853338591832,0.05637853338591832
2018-08-21,0.056113991751932366,0.061204452156646855,0.06506397078908321,0.06145708015017558,0.06145708015017558
2018-08-22,0.061021427400916456,0.06008787532576429,0.06251452219802697,0.05498226251086055,0.05498226251086055
2018-08-23,0.05543943100639259,0.05298478134240808,0.06094177899845562,0.05456325691433833,0.05456325691433833
2018-08-24,0.054634390441486685,0.051453986732047055,0.06095458171987036,0.05447423376682797,0.05447423376682797
2018-08-25,0.05460002743562309,0.05203403275373579,0.062098576004507904,0.055000415275576364,0.055000415275576364
2018-08-26,0.05542100446701646,0.05183221625470541,0.06105273591738341,0.054110929804502175,0.054110929804502175
2018-08-27,0.05450017551278756,0.05303441220638874,0.06196172913783032,0.05698702400591231,0.05698702400591231
2018-08-28,0.057327404270579585,0.05948313148076763,0.06638862569812884,0.06368837820216013,0.06368837820216013
2018-08-29,0.06331353949493404,0.06068509221508614,0.06920010332080687,0.06159409622357839,0.06159409622357839
2018-08-30,0.06147935180514223,0.05828328770273265,0.0675818393339831,0.059844716774596865,0.059844716774596865
2018-08-31,0.06031823081715701,0.060763419597576945,0.06865527639837937,0.0638873126100045,0.0638873126100045
2018-09-01,0.06430409049004561,0.06506742693936952,0.07220931186311264,0.06846230665440567,0.06846230665440567
2018-09-02,0.06879095282813391,0.06595584292635992,0.07618640614437311,0.06708195053197546,0.06708195053197546
2018-09-03,0.06724611160800516,0.06358320536724628,0.07472632689325151,0.06482006631478483,0.06482006631478483
2018-09-04,0.06463377614050506,0.06405999096577143,0.0748939002913245,0.06532610571473899,0.06532610571473899
2018-09-05,0.06526301755947109,0.06179743513340165,0.060054977161794275,0.05134847688357312,0.05134847688357312
2018-09-06,0.051111933333178955,0.04805086189758127,0.055097194420164315,0.05171849488216368,0.05171849488216368
2018-09-07,0.05160870287446792,0.048179761013512096,0.05598115120762239,0.04878595304252768,0.04878595304252768
2018-09-08,0.048686104325039975,0.04722877720747497,0.04998094243791185,0.04417689148078319,0.04417689148078319
2018-09-09,0.0444081591023108,0.04476393444134512,0.04977410736083363,0.04449344585726556,0.04449344585726556
2018-09-10,0.04430357604098681,0.043825417155644364,0.05166350453672968,0.04556172362738989,0.04556172362738989
2018-09-11,0.045572766192340144,0.043718628472008234,0.04504648909974877,0.0401002281280322,0.0401002281280322
2018-09-12,0.04012249465362675,0.03805036041415945,0.04165234540023966,0.03914981899455565,0.03914981899455565
2018-09-13,0.039048277209455994,0.03951999850966277,0.04371898914149986,0.041336854140794826,0.041336854140794826
2018-09-14,0.04115711993886772,0.03944872764811708,0.044788727641931904,0.03888971225629913,0.03888971225629913
2018-09-15,0.0388981258142694,0.04020212886769088,0.04537679931224918,0.04111504227604834,0.04111504227604834
2018-09-16,0.04103460835274532,0.03955410502756418,0.044718739431531276,0.039534757073734536,0.039534757073734536
2018-09-17,0.039337872686407926,0.037058448786640635,0.039666216551432217,0.0356699588653378,0.0356699588653378
2018-09-18,0.03549394716817333,0.03514260335004098,0.039793390250818676,0.037126904734788094,0.037126904734788094
2018-09-19,0.03715258471931413,0.03489703642115086,0.03920816362970467,0.03730495102980881,0.03730495102980881
2018-09-20,0.037431721890133655,0.04424857319498662,0.03995299751112251,0.04762492210474592,0.04762492210474592
2018-09-21,0.04784271663764861,0.04622228210333626,0.04596600900224779,0.04870712528341935,0.04870712528341935
2018-09-22,0.0469921077388801,0.04519132439325446,0.048201079656341954,0.04259213025429287,0.04259213025429287
2018-09-23,0.04277367525819006,0.044209291895058817,0.047570332247975515,0.04201422579950495,0.04201422579950495
2018-09-24,0.042041593828922086,0.042366128624193866,0.04537196272860362,0.039865236858766015,0.039865236858766015
2018-09-25,0.03996288098146322,0.06349546929016196,0.04293631610567844,0.06575356602359461,0.06575356602359461
2018-09-26,0.06412107013272861,0.06642792417758836,0.04456083920074942,0.039485023471773434,0.039485023471773434
2018-09-27,0.039668305358733974,0.038775065115223106,0.04662378437804535,0.04114339042916618,0.04114339042916618
2018-09-28,0.04125722086899211,0.03925561419158567,0.047194785753142975,0.04082982006880145,0.04082982006880145
2018-09-29,0.04084013366014046,0.03834461733757087,0.04604481686517855,0.04112747567653861,0.04112747567653861
2018-09-30,0.04111852380909338,0.03859465339639291,0.04730261311794718,0.04111504227604834,0.04111504227604834
2018-10-01,0.04102688912679046,0.03864310817354939,0.04550738707067959,0.04034889613783767,0.04034889613783767
2018-10-02,0.04019221669450942,0.045794421716697245,0.04677940856946459,0.0444914565131871,0.0444914565131871
2018-10-03,0.04459441655438305,0.04130670961296676,0.048358410877283146,0.041438808024815074,0.041438808024815074
2018-10-04,0.04146314989688485,0.0417126947846759,0.0486744958437672,0.04304321402408001,0.04304321402408001
2018-10-05,0.04310560197424931,0.04059211925859109,0.049665426481268475,0.043255825172463694,0.043255825172463694
2018-10-06,0.04332846349778497,0.040388185803277174,0.04814446317719675,0.04129656992320635,0.04129656992320635
2018-10-07,0.04144547037937531,0.038935248140677295,0.046778555054703595,0.041241365625029516,0.041241365625029516
2018-10-08,0.041360558893871774,0.039222683760508456,0.04764401902234038,0.04150992707561944,0.04150992707561944
2018-10-09,0.04159313170167324,0.03866098469327703,0.047142152342882375,0.040917599876262783,0.040917599876262783
2018-10-10,0.04086279332342733,0.03870920425306866,0.04620442412548237,0.04155742266549228,0.04155742266549228
2018-10-11,0.041508220216169706,0.03854925644497932,0.03593237397705189,0.030896279081102065,0.030896279081102065
2018-10-12,0.030295671005792987,0.027813230261711303,0.03182639896688297,0.029828001310977747,0.029828001310977747
2018-10-13,0.02977449875019507,0.02772173070678961,0.03427797786534649,0.0297852304132912,0.0297852304132912
2018-10-14,0.029832019433923267,0.028887703184288,0.03492864061813587,0.029387112929592635,0.029387112929592635
2018-10-15,0.029457512471467807,0.030685939938469017,0.03183578762925378,0.03152988517008644,0.03152988517008644
2018-10-16,0.03166944421847033,0.02939224443186397,0.03632641329170571,0.031038517182710803,0.031038517182710803
2018-10-17,0.031193591289446154,0.02993042176261167,0.03556109505602428,0.031394361104742446,0.031394361104742446
2018-10-18,0.031575568470567604,0.030113185655090236,0.03598017080366694,0.030635675006825933,0.030635675006825933
2018-10-19,0.030778994153483168,0.029083404031832624,0.036188428405346786,0.03088160766852355,0.03088160766852355
2018-10-20,0.030968488700310687,0.029768121780873947,0.03622427602530807,0.03185887294705908,0.03185887294705908
2018-10-21,0.031898530924227654,0.0305041169154498,0.037450492231920325,0.032054326002766184,0.032054326002766184
2018-10-22,0.03213284678305118,0.03207019413053641,0.03745134574668132,0.03354981541373632,0.03354981541373632
2018-10-23,0.0335808241678108,0.03160234679187507,0.03679584641024636,0.03225897977483609,0.03225897977483609
2018-10-24,0.03251108885483963,0.029934655675178747,0.03723455299739163,0.03213837579008043,0.03213837579008043
2018-10-25,0.032035235925815454,0.03106863859105927,0.036730125773650674,0.03242409533334692,0.03242409533334692
2018-10-26,0.0324007786258717,0.03012377043650791,0.036603805589025186,0.031227753538172778,0.031227753538172778
2018-10-27,0.03122720727344315,0.030514231262137797,0.03626439121907428,0.03181635071738234,0.03181635071738234
2018-10-28,0.03237886598445144,0.032634010154051374,0.037977964354207826,0.03443084617247713,0.03443084617247713
2018-10-29,0.034438654277956435,0.032025738048582164,0.03597192016097744,0.030907966477562932,0.030907966477562932
2018-10-30,0.03096126748893356,0.02894815404705119,0.0348065880073153,0.03119940538505495,0.03119940538505495
2018-10-31,0.03134199963361067,0.02873128363667121,0.035387262549704084,0.030520044382266385,0.030520044382266385
2018-11-01,0.030560116746569374,0.029340496611599768,0.03587661101266767,0.03078686515678766,0.03078686515678766
2018-11-02,0.030930141577825226,0.028814080149093934,0.03628402205857688,0.031024840442171502,0.031024840442171502
2018-11-03,0.03106883863772396,0.0289192223111762,0.036412902787485324,0.030762247023816924,0.030762247023816924
2018-11-04,0.030811116093746968,0.028774328414436442,0.0355499993641315,0.030651341091443674,0.030651341091443674
2018-11-05,0.030773765000416967,0.029000372302045063,0.035267485978246124,0.02975663359216357,0.02975663359216357
2018-11-06,0.030037699454527125,0.02834834976671612,0.035093653471925924,0.030861962895748916,0.030861962895748916
2018-11-07,0.03106834062314623,0.029202894453169956,0.03566067177813896,0.030170914496499498,0.030170914496499498
2018-11-08,0.030191585959046717,0.02870305755289074,0.034973307890627324,0.030266154344255,0.030266154344255
2018-11-09,0.030285461706949443,0.02788520677535152,0.03397014354155195,0.028887538897893427,0.028887538897893427
2018-11-10,0.02893086205551483,0.026811204287504487,0.033356750933325505,0.028825869231461677,0.028825869231461677
2018-11-11,0.028495099299998182,0.026197757400008865,0.03119109947979129,0.02674625866545847,0.02674625866545847
2018-11-12,0.026909171877206442,0.024955574496303184,0.03148470855756944,0.026691303035291446,0.026691303035291446
2018-11-13,0.02670174880558051,0.024449621944538185,0.028950623232210898,0.024525156001875947,0.024525156001875947
2018-11-14,0.024425324170761528,0.022221878282164303,0.017919229451425864,0.01671175846577806,0.01671175846577806
2018-11-15,0.01713239869443487,0.015617445112263133,0.015422414270630243,0.015251331244190494,0.015251331244190494
2018-11-16,0.015307424274331132,0.013896594871113582,0.017248935859133875,0.014245469144527338,0.014245469144527338
2018-11-17,0.014293964608643838,0.012902566287311241,0.016025280196804575,0.01299093903505871,0.01299093903505871
2018-11-18,0.013165712582789013,0.012489759812021807,0.01634307219281058,0.014047280740712372,0.014047280740712372
2018-11-19,0.014076332238174375,0.012452360251012682,0.00834506987255915,0.007189290565088106,0.007189290565088106
2018-11-20,0.00710452656157015,0.008044245703543135,0.006274215458478116,0.007348462958164593,0.007348462958164593
2018-11-21,0.007424301721932711,0.008301949848458862,0.008937010809792895,0.009254130251308865,0.009254130251308865
2018-11-22,0.00928339014061118,0.007987605362090318,0.010374927127620972,0.008139749432166596,0.008139749432166596
2018-11-23,0.008175457109527875,0.007785718297850481,0.010106638987751979,0.008508474357106159,0.008508474357106159
2018-11-24,0.008542020739468482,0.008278663329339967,0.008975646577973399,0.006703219206321342,0.006703219206321342
2018-11-25,0.006755941257885716,0.00698303904034326,0.007196096751815862,0.007489557186928217,0.007489557186928217
2018-11-26,0.0074670811741600045,0.0068052147125262745,0.007405264769240763,0.006436025429785355,0.006436025429785355
2018-11-27,0.006419358105524657,0.005642300060770759,0.007728348556764863,0.006470465949143415,0.006470465949143415
2018-11-28,0.006443885323478024,0.007950511583655478,0.00866300412102532,0.00869502509806223,0.00869502509806223
2018-11-29,0.00885694025769814,0.0075343179783123986,0.009807652766979633,0.007910527260727909,0.007910527260727909
2018-11-30,0.007955085658880886,0.006924869786019,0.008911234664011215,0.007224104086460872,0.007224104086460872
2018-12-01,0.007330077363825576,0.007204849015384814,0.009153945811542743,0.007922861194014263,0.007922861194014263
2018-12-02,0.007920075234066229,0.007076396812447178,0.009570859321790914,0.007524644243111771,0.007524644243111771
2018-12-03,0.007683568111100677,0.0063830465861163255,0.007300680760528311,0.006052032289043736,0.006052032289043736
2018-12-04,0.006049208770624372,0.006649688990895866,0.007774324551889818,0.0066956348320222694,0.0066956348320222694
2018-12-05,0.006591098432655993,0.006786044497292035,0.006981466239920669,0.00496023052519181,0.00496023052519181
2018-12-06,0.004951808747860125,0.004175649225800861,0.0038201898176997776,0.002197155934238252,0.002197155934238252
2018-12-07,0.002121865810619449,0.0011293491337932386,0.0,6.025225877586554e-05,6.025225877586554e-05
2018-12-08,0.0001935533656360535,0.0004537107750346332,0.00037019780233036453,0.0001231155316546908,0.0001231155316546908
2018-12-09,0.00011603739661186427,0.00047791464187638827,0.0013045688616704944,0.0006158511930842471,0.0006158511930842471
2018-12-10,0.0005966214641245134,0.0,0.001121689098883872,0.0,0.0
2018-12-11,0.0,0.0006822714884470206,0.001170709296656327,0.00033274266392070706,0.00033274266392070706
2018-12-12,0.0003699501290691954,0.0011480489142977994,0.0015389440150364274,0.0014553543941875323,0.0014553543941875323
2018-12-13,0.0013766865979570869,0.002976534621596888,0.002230290971432663,0.0025045095943578254,0.0025045095943578254
2018-12-14,0.0022758768187834764,0.0012748310739450971,0.002439146033445208,0.0011027182894823885,0.0011027182894823885
2018-12-15,0.0011289990477214244,0.0013497478046457685,0.002488564538106121,0.0019227756522188916,0.0019227756522188916
2018-12-16,0.001933641200965142,0.0018596990516129945,0.003509794949622287,0.0022718558043838197,0.0022718558043838197
2018-12-17,0.0023185815688241077,0.00505674995274483,0.0038584272789918134,0.005365832915985521,0.005365832915985521
2018-12-18,0.005365683762685395,0.006024434191685409,0.007224177387452204,0.00704677892866859,0.00704677892866859
2018-12-19,0.007134482138420812,0.006889210833509671,0.008090637122310115,0.00614528279272079,0.00614528279272079
2018-12-20,0.006144902271735831,0.006558942131541644,0.00765076406499151,0.007065851765020666,0.007065851765020666
2018-12-21,0.007037493799407253,0.006878437878200125,0.00872676167367075,0.006621680965906124,0.006621680965906124
2018-12-22,0.006647249576295424,0.006131175831848565,0.00827513856314261,0.00737569210523829,0.00737569210523829
2018-12-23,0.007431896444243148,0.007343015695490236,0.009713794593763533,0.00796326974560765,0.00796326974560765
2018-12-24,0.007988726543606764,0.008663149633902991,0.010129057975473803,0.007751131066442599,0.007751131066442599
2018-12-25,0.007855582346249767,0.006545534741745917,0.006462956022623489,0.00500787531587054,0.00500787531587054
2018-12-26,0.005072452779316018,0.005149731377065009,0.007008465756859764,0.006169229522065056,0.006169229522065056
2018-12-27,0.006165121663591804,0.006171515609918157,0.006152646506022104,0.004298897953114143,0.004298897953114143
2018-12-28,0.004456607952491002,0.005474919383952552,0.0058637033089373215,0.006490906459549424,0.006490906459549424
2018-12-29,0.006523866464661994,0.00551347151004938,0.007740866773259282,0.005679776278364936,0.005679776278364936
2018-12-30,0.00571212760368558,0.005409387826108884,0.007579723186385688,0.006220853000900674,0.006220853000900674
2018-12-31,0.006288753782514098,0.006234012863755422,0.008032000658230586,0.006759592244144241,0.006759592244144241
2019-01-01,0.006772276136035376,0.005807916607352689,0.008349764203744559,0.007059933466387294,0.007059933466387294
2019-01-02,0.007137022012767251,0.006134515918429253,0.0084832539123623,0.007283933609620069,0.007283933609620069
2019-01-03,0.007329703852892269,0.006049790623614864,0.008193627903468732,0.006253627444593037,0.006253627444593037
2019-01-04,0.006291044649571672,0.005733564398327621,0.008202589808459053,0.006711450117445901,0.006711450117445901
2019-01-05,0.006668041684915789,0.006225192212574025,0.008919115450304289,0.007210427345921571,0.007210427345921571
2019-01-06,0.007238268376420434,0.00672526433021808,0.008940993878677486,0.007889266145889542,0.007889266145889542
2019-01-07,0.00793185327882962,0.006799099061040505,0.00963495828034074,0.007279482452244555,0.007279482452244555
2019-01-08,0.007379580012852263,0.007468433594421474,0.009279725436819607,0.00804358951277482,0.00804358951277482
2019-01-09,0.008114749132502182,0.011370948416173279,0.01054065124371184,0.012941081099092706,0.012941081099092706
2019-01-10,0.01363745689154689,0.012007211388058124,0.0111820960370826,0.009128030703536506,0.009128030703536506
2019-01-11,0.009262722535635247,0.010360619268987712,0.011751418833150298,0.010736067255744601,0.010736067255744601
2019-01-12,0.010989936694129928,0.029721148873115947,0.013857125099971473,0.025316890078295604,0.025316890078295604
2019-01-13,0.02568736781292441,0.023389803063790852,0.01967781126495525,0.016815701693876754,0.016815701693876754
2019-01-14,0.016896140578758184,0.016669219559133027,0.01817181291969277,0.01770846958268037,0.01770846958268037
2019-01-15,0.017713233096445236,0.018473760138691685,0.017411160564704715,0.014946613464974858,0.014946613464974858
2019-01-16,0.01498630447460869,0.01420218927151018,0.016632129191863493,0.015595413169358332,0.015595413169358332
2019-01-17,0.015580659972404513,0.014023847465490555,0.015953300451961673,0.013764570080364521,0.013764570080364521
2019-01-18,0.013690495444075494,0.012071566859077607,0.013846769120871544,0.011814142545455267,0.011814142545455267
2019-01-19,0.011752272508995203,0.011989687694377752,0.01400279161917924,0.012133482003647462,0.012133482003647462
2019-01-20,0.012123268468677636,0.012936719848685607,0.013730065202553134,0.01214278218721419,0.01214278218721419
2019-01-21,0.011949237274488727,0.012273430401580965,0.014510490649503962,0.011782636308612916,0.011782636308612916
2019-01-22,0.011724807005033215,0.010791466916160158,0.014210793166430792,0.011842117696558383,0.011842117696558383
2019-01-23,0.011878519204450594,0.01143189323540262,0.014537860022839487,0.01181854396922882,0.01181854396922882
2019-01-24,0.01176156048086993,0.010491941123776365,0.014459734971717503,0.011658700172525863,0.011658700172525863
2019-01-25,0.011737381873120975,0.012866413378335748,0.014183765198999672,0.012392295668253003,0.012392295668253003
2019-01-26,0.012440304548862665,0.010904512381700957,0.014453447412978267,0.011636419518847294,0.011636419518847294
2019-01-27,0.011631802782641516,0.010289324885705529,0.012152940627208737,0.009498919040161376,0.009498919040161376
2019-01-28,0.009513721882812838,0.008184223557357803,0.009382716217978225,0.007777141740268254,0.007777141740268254
2019-01-29,0.007778838299821062,0.006952155000340125,0.009507443175049871,0.007807926839882174,0.007807926839882174
2019-01-30,0.007826199486163503,0.007187372365177407,0.009849304287315605,0.008360268223262097,0.008360268223262097
2019-01-31,0.008353347916694212,0.007152677803863909,0.009001650327691346,0.006874551465077313,0.006874551465077313
2019-02-01,0.00688154053439006,0.00692308213404624,0.008138291696465,0.007609440034455437,0.007609440034455437
2019-02-02,0.007605902737703165,0.006427432102861119,0.009319356972221256,0.007445518082391665,0.007445518082391665
2019-02-03,0.0074703929711019326,0.006387821498622524,0.009465507149793575,0.007275976233306294,0.007275976233306294
2019-02-04,0.007365386597386862,0.0067934303225479255,0.009582893879920774,0.00739158199106486,0.00739158199106486
2019-02-05,0.007352139409619157,0.006163024263047528,0.009400753829927,0.007186853618592014,0.007186853618592014
2019-02-06,0.007249847215352734,0.006063033361255205,0.008898147437676137,0.007113223020888609,0.007113223020888609
2019-02-07,0.007080547159652293,0.006523306700768793,0.009228685254112821,0.00735696740409994,0.00735696740409994
2019-02-08,0.007383389824371924,0.012099675334175664,0.009579138414972446,0.011575968325663578,0.011575968325663578
2019-02-09,0.011541363335325143,0.01294690476058306,0.014487161246037095,0.013759621586969396,0.013759621586969396
2019-02-10,0.013843659827457376,0.0154912980395009,0.01544005357569056,0.01630824488626671,0.01630824488626671
2019-02-11,0.01620499594777989,0.014502256063833104,0.016408394522517813,0.013753131351913476,0.013753131351913476
2019-02-12,0.01375944556236267,0.012672782443601698,0.016136151764256264,0.013403354929321092,0.013403354929321092
2019-02-13,0.01343807675535136,0.012211921060676013,0.015124708321999372,0.012271418148686559,0.012271418148686559
2019-02-14,0.0122273535154239,0.011153983918847376,0.014468696876707834,0.01191438062020786,0.01191438062020786
2019-02-15,0.011949710388337578,0.012969767888445248,0.01494216996511714,0.012487311714799675,0.012487311714799675
2019-02-16,0.012484204533889853,0.01155731113433386,0.015313562688112875,0.012271940351507145,0.012271940351507145
2019-02-17,0.012328226368143786,0.012328730004054208,0.015261953495565438,0.013469774154740134,0.013469774154740134
2019-02-18,0.01350817230716732,0.012822921687577333,0.016413771665512,0.01432044254948369,0.01432044254948369
2019-02-19,0.014301011514918765,0.013517048131212149,0.01732578063811438,0.014535789045975234,0.014535789045975234
2019-02-20,0.014401635360349779,0.013147897998836523,0.01669287099235344,0.014325192108470976,0.014325192108470976
2019-02-21,0.014399518798394411,0.013099631395571909,0.015491008406921247,0.013190122110912892,0.013190122110912892
2019-02-22,0.013243377956186521,0.012219612668506193,0.016386174688240218,0.013593063754001686,0.013593063754001686
2019-02-23,0.013628019515298845,0.013807659185468613,0.016755262921381305,0.015428905069992581,0.015428905069992581
2019-02-24,0.015450578564700576,0.014249044570585769,0.015466057325408511,0.012531127018127402,0.012531127018127402
2019-02-25,0.012529449158276926,0.0118832283150524,0.015439256961913644,0.013173262419848081,0.013173262419848081
2019-02-26,0.013176917910788009,0.012503708201756659,0.015652607201667362,0.013394726149380837,0.013394726149380837
2019-02-27,0.013452817986852264,0.01247785781336104,0.015634228183814193,0.013091475511423065,0.013091475511423065
2019-02-28,0.013138520986844772,0.011886262619058795,0.015976999711824966,0.013336537835086357,0.013336537835086357
2019-03-01,0.013352144339963476,0.012360790130881528,0.01645309024550129,0.013623998054421493,0.013623998054421493
2019-03-02,0.013580235016565334,0.012082269249177699,0.016129010690756042,0.013503941139287406,0.013503941139287406
2019-03-03,0.013482898067347359,0.01199373343305295,0.016199909316901698,0.013138424031674336,0.013138424031674336
2019-03-04,0.013131548782756504,0.011784978021759863,0.01346686970075801,0.011500870586702325,0.011500870586702325
2019-03-05,0.011528315353388533,0.011302876510789376,0.014324737387022033,0.012813787944873284,0.012813787944873284
2019-03-06,0.012881396060361061,0.012077259119306672,0.015596958039251263,0.01305191243106301,0.01305191243106301
2019-03-07,0.01304335040103993,0.012757437173206633,0.01601131100521648,0.013282004940536017,0.013282004940536017
2019-03-08,0.013317756433370994,0.01445965819906107,0.016320909259517055,0.01460608749234724,0.01460608749234724
2019-03-09,0.014657440548202496,0.01795957497915739,0.018047455819017545,0.0168417123677024,0.0168417123677024
2019-03-10,0.016945892235073742,0.015132426905968662,0.0192016922807869,0.016075665696695652,0.016075665696695652
2019-03-11,0.016070905522725186,0.015122194950598238,0.018092635200365574,0.015025689892093005,0.015025689892093005
2019-03-12,0.015074502856325259,0.01463077883198019,0.017472016167162797,0.01590132455502103,0.01590132455502103
2019-03-13,0.01591913558016097,0.018742613586700704,0.018993434679107045,0.017473751848224982,0.017473751848224982
2019-03-14,0.01740197398536191,0.016414996631216896,0.020470783378892535,0.01775347849245516,0.01775347849245516
2019-03-15,0.017790450256722788,0.017084401729807314,0.021387287529236083,0.017919041653383646,0.017919041653383646
2019-03-16,0.017925860420408467,0.016901143880862595,0.02146438836264488,0.01791237735072086,0.01791237735072086
2019-03-17,0.017936742038931947,0.01683815267055917,0.021099709955768875,0.018404963811344533,0.018404963811344533
2019-03-18,0.01846635564162244,0.01670436103343972,0.021369449070731537,0.017726224478580483,0.017726224478580483
2019-03-19,0.017818936690569123,0.01634198516117141,0.021326915585142554,0.0178831837263697,0.0178831837263697
2019-03-20,0.017906811362810172,0.016109425752556788,0.021086679630417868,0.017791176562741668,0.017791176562741668
2019-03-21,0.017829046386497113,0.017187215239977693,0.020334334819103378,0.017280884939819854,0.017280884939819854
2019-03-22,0.01728934798860752,0.015883358343211678,0.020917911311679492,0.017367595474839025,0.017367595474839025
2019-03-23,0.01747866823033284,0.02015149503686656,0.020999365070369307,0.020756666913676888,0.020756666913676888
2019-03-24,0.021135987686290762,0.02059170433515953,0.023505768066979973,0.019604115555029483,0.019604115555029483
2019-03-25,0.019695829130401556,0.017822560864139674,0.02157048024743507,0.018416626341004407,0.018416626341004407
2019-03-26,0.018455274817267872,0.016661904299086597,0.020208441391858387,0.018096267343972013,0.018096267343972013
2019-03-27,0.01813181434903008,0.017800897344838158,0.021940421995337134,0.019738470880727377,0.019738470880727377
2019-03-28,0.01977055621779044,0.017884987552767486,0.022778943347018868,0.01904518446938971,0.01904518446938971
2019-03-29,0.0190763238964302,0.017480813554767587,0.022526274527275868,0.01933697151209546,0.01933697151209546
2019-03-30,0.01932182018252384,0.019074458245013134,0.022700078583104043,0.019259411959837134,0.019259411959837134
2019-03-31,0.01929084367578883,0.021478120974548823,0.02254357242643179,0.020673537197998918,0.020673537197998918
2019-04-01,0.020621986840612207,0.019749249821258325,0.024167981719534652,0.02075273795912196,0.02075273795912196
2019-04-02,0.02079868241279198,0.02291986229058245,0.024117282942732257,0.024607092111106853,0.024607092111106853
2019-04-03,0.024588598250071397,0.024092420854296293,0.02735486358458504,0.023404260080876784,0.023404260080876784
2019-04-04,0.023401032688008534,0.024886255938885635,0.02729688148182225,0.024106548274169404,0.024106548274169404
2019-04-05,0.024152661189452543,0.02317519074011332,0.028866466676777967,0.025377739140295005,0.025377739140295005
2019-04-06,0.02544909273820791,0.023827095666759845,0.02884916877762205,0.024805678383737508,0.024805678383737508
2019-04-07,0.024864946539255618,0.02559818833703863,0.028939356837365926,0.02557431120204624,0.02557431120204624
2019-04-08,0.025611843902211155,0.02427099787768076,0.027691404454840633,0.024300036852599047,0.024300036852599047
2019-04-09,0.024338345924760404,0.02217845715661534,0.02631257980896462,0.022781545650721904,0.022781545650721904
2019-04-10,0.022792160065271787,0.024624529577031196,0.027249027754223137,0.024646878992675734,0.024646878992675734
2019-04-11,0.02468292221109409,0.022450462517313172,0.023363145750419707,0.020701462615500068,0.020701462615500068
2019-04-12,0.020688820396944016,0.01975026125592712,0.022947540962805046,0.021212276441242486,0.021212276441242486
2019-04-13,0.02124637261744535,0.021561905399903863,0.025043061953478496,0.021881292854823136,0.021881292854823136
2019-04-14,0.021916301827412207,0.01987010450331172,0.02479761955871182,0.0217788167679823,0.0217788167679823
2019-04-15,0.021813685923670258,0.019876761154736616,0.02376111123297405,0.019626271874703154,0.019626271874703154
2019-04-16,0.019715276599662046,0.01812135748269247,0.02289917512634935,0.020077504845296173,0.020077504845296173
2019-04-17,0.020134306065366855,0.01861879516585035,0.02366969980207277,0.01976622223062167,0.01976622223062167
2019-04-18,0.019795407145219338,0.018889765570142898,0.02381439900455143,0.020377473065524513,0.020377473065524513
2019-04-19,0.0204130199237953,0.018464751313618414,0.023376403679706975,0.019775597014591344,0.019775597014591344
2019-04-20,0.019807733006018235,0.018313247808926725,0.023509125225039833,0.01962085091208939,0.01962085091208939
2019-04-21,0.019662013940573465,0.017779186782063677,0.019960950561665344,0.01723057940143621,0.01723057940143621
2019-04-22,0.01725635452283268,0.015588513376388145,0.019837361624275004,0.017024433621307466,0.017024433621307466
2019-04-23,0.017064270300200954,0.01583485652258223,0.020124711593805945,0.016541470612663273,0.016541470612663273
2019-04-24,0.016569194008476264,0.014776590076442823,0.016495111622233688,0.01396173894533929,0.01396173894533929
2019-04-25,0.014004742642625212,0.012867166073903227,0.015021461486412459,0.012400725513785408,0.012400725513785408
2019-04-26,0.012484378838992062,0.012628820318113607,0.015068262545806357,0.013527166731403237,0.013527166731403237
2019-04-27,0.013563327421651292,0.012452689555323453,0.016054413500646125,0.013819973312949183,0.013819973312949183
2019-04-28,0.013846672815652656,0.012317392527069048,0.016219170300007878,0.01358135149073985,0.01358135149073985
2019-04-29,0.013616316172722116,0.01202522903820466,0.014739460209383676,0.012196718278540995,0.012196718278540995
2019-04-30,0.012218389253024696,0.011813533409851106,0.015226418831016511,0.01337398723736306,0.01337398723736306
2019-05-01,0.01334457451838193,0.012198066757887097,0.016108924643380908,0.013145461336351832,0.013145461336351832
2019-05-02,0.01314564259530636,0.01294848071692747,0.016124999171379426,0.01394000536128229,0.01394000536128229
2019-05-03,0.013964179355268837,0.013333460977956648,0.01662717880624979,0.014234602352498838,0.014234602352498838
2019-05-04,0.014259178290389163,0.01294231802196874,0.015322951350483692,0.0126165196126946,0.0126165196126946
2019-05-05,0.012644963639582169,0.011292856251047308,0.015206702640037803,0.01218324047240954,0.01218324047240954
2019-05-06,0.012192367991338134,0.01094870972455388,0.014069308869551846,0.012246849749317779,0.012246849749317779
2019-05-07,0.01225828022070114,0.011716694420747603,0.014918869012142302,0.01198457959937594,0.01198457959937594
2019-05-08,0.011954491328283816,0.010679738667862447,0.014363031749298132,0.011877528021154687,0.011877528021154687
2019-05-09,0.011898888000679895,0.010814188913603438,0.013275710844789845,0.010642145348441073,0.010642145348441073
2019-05-10,0.010659504021803877,0.010832794607162067,0.012364982144328948,0.011495176089277786,0.011495176089277786
2019-05-11,0.01151601439331852,0.012757978173145761,0.014224762358018887,0.013967905911982461,0.013967905911982461
2019-05-12,0.013971375665917081,0.012546070849163853,0.014749531683563268,0.01197774122910629,0.01197774122910629
2019-05-13,0.01199923793809315,0.012253766229880565,0.014695959407065574,0.012762438000848447,0.012762438000848447
2019-05-14,0.012760453220158527,0.013137807173884998,0.01579833062185919,0.014751334476874621,0.014751334476874621
2019-05-15,0.014813817125610753,0.01804479423043794,0.018226124908983315,0.01998646748690638,0.01998646748690638
2019-05-16,0.020008856193235836,0.022763489786438624,0.019577039622175184,0.018235024093443467,0.018235024093443467
2019-05-17,0.01828390800106984,0.016924877312974675,0.018192752481828882,0.015898017270490616,0.015898017270490616
2019-05-18,0.0159248627478049,0.01533760701331622,0.01834066658990724,0.01514181785267216,0.01514181785267216
2019-05-19,0.015096863710865488,0.016113941925961665,0.01847600558050711,0.017675968673798798,0.017675968673798798
2019-05-20,0.017680314332857064,0.015826177001819736,0.018438308678563692,0.015956429385993922,0.015956429385993922
2019-05-21,0.015988185301363693,0.015756529140091416,0.019535558804791416,0.016902810097711603,0.016902810097711603
2019-05-22,0.01693503551727915,0.01549343851752092,0.018533560925889397,0.015226862312025635,0.015226862312025635
2019-05-23,0.015252966380255991,0.013764238059919647,0.016906078979647,0.01512262068231518,0.01512262068231518
2019-05-24,0.015166386545917057,0.014586416836971879,0.018459049087255583,0.015449743449214279,0.015449743449214279
2019-05-25,0.01547597730816497,0.014249703179207308,0.018043102893736528,0.01510434358359447,0.01510434358359447
2019-05-26,0.015130106183929183,0.01503742261231088,0.018170504197059262,0.016817218568736563,0.016817218568736563
2019-05-27,0.016859461805108118,0.01641523184858174,0.020004451363983447,0.017666171154212453,0.017666171154212453
2019-05-28,0.017663879851791867,0.015810652655740477,0.01991747820983928,0.017176121107288802,0.017176121107288802
2019-05-29,0.017208445520454745,0.015935835337306876,0.018621302243318455,0.016683559513466114,0.016683559513466114
2019-05-30,0.016724823564017922,0.02172869803330998,0.020242553531805672,0.02362684281645366,0.02362684281645366
2019-05-31,0.02366423339234059,0.02886778027348629,0.025571785897415433,0.02980537252208545,0.02980537252208545
2019-06-01,0.02982004218332878,0.0313728922524763,0.032245161759113274,0.027890032043359738,0.027890032043359738
2019-06-02,0.027933239253399453,0.028274232775055894,0.033119246225835966,0.030810961086937812,0.030810961086937812
2019-06-03,0.030870230424123908,0.02844994014658934,0.030511559477588657,0.02674093717004863,0.02674093717004863
2019-06-04,0.026841416993905826,0.02956063654335098,0.0288481730104009,0.030206001552683045,0.030206001552683045
2019-06-05,0.030271392795128485,0.028439096626070342,0.033013979405314725,0.028780387852468243,0.028780387852468243
2019-06-06,0.02883165755163035,0.036850140288340744,0.03376444648415505,0.0379184647436009,0.0379184647436009
2019-06-07,0.03799183888571032,0.036089235634828604,0.042502246948734515,0.03716587101192462,0.03716587101192462
2019-06-08,0.037241579924355075,0.046558619413317084,0.043851113226500024,0.04932852177312226,0.04932852177312226
2019-06-09,0.04940097935064726,0.05472440192927164,0.045897215712512554,0.04106650228053432,0.04106650228053432
2019-06-10,0.04110198972511264,0.04497353663515162,0.047266224938637254,0.043229217695414504,0.043229217695414504
2019-06-11,0.043279309458962696,0.040865535923477955,0.04455927442368763,0.038588003360002135,0.038588003360002135
2019-06-12,0.03868121556493766,0.03933770505191388,0.0452031659593732,0.041553941313355006,0.041553941313355006
2019-06-13,0.0414839669062341,0.0396601880591058,0.046432312566664836,0.041639880977543786,0.041639880977543786
2019-06-14,0.04167766967624346,0.05331486187048422,0.04890801748237215,0.052584207691500476,0.052584207691500476
2019-06-15,0.052607894422503174,0.04886668980578289,0.05579471513333165,0.048883555236376344,0.048883555236376344
2019-06-16,0.04905266795498059,0.05061054430521353,0.05734594976092625,0.050343708923153124,0.050343708923153124
2019-06-17,0.05037609189384909,0.06014952579708814,0.058136133726644314,0.05650900949066326,0.05650900949066326
2019-06-18,0.056701972663133204,0.05623118084668277,0.06117806033478774,0.05542404609708097,0.05542404609708097
2019-06-19,0.05557240089864739,0.06422160881715115,0.0638314385732397,0.06599064610414315,0.06599064610414315
2019-06-20,0.06640028364918289,0.06578015907656297,0.07347501735266634,0.06597920737569209,0.06597920737569209
2019-06-21,0.06585169569108076,0.06188150181959448,0.07323549266024248,0.0644229435031255,0.0644229435031255
2019-06-22,0.06451599569287113,0.07723566813539524,0.07420838568579496,0.08257220199998706,0.08257220199998706
2019-06-23,0.08286071127388218,0.07818272381143959,0.08731589722168712,0.07708698357249391,0.07708698357249391
2019-06-24,0.07719731439662782,0.08536955517667787,0.08574386528441658,0.0886978648867342,0.0886978648867342
2019-06-25,0.08880078014979631,0.13898055570949222,0.102580866469408,0.139733567147574,0.139733567147574
2019-06-26,0.13992937207060044,0.13389334510800097,0.11816340010919865,0.12145994977900873,0.12145994977900873
2019-06-27,0.12249657098287686,0.1148377512956478,0.0965231877057913,0.09063879330366889,0.09063879330366889
2019-06-28,0.09070414206443528,0.11611834519503142,0.10483181249805645,0.12117151975443535,0.12117151975443535
2019-06-29,0.12145118858275686,0.12166333583196898,0.12395071384702802,0.12133842572261677,0.12133842572261677
2019-06-30,0.12112013339220859,0.11353754026803675,0.11296617802662096,0.09913916108365538,0.09913916108365538
2019-07-01,0.09927957958206965,0.10028821654148241,0.09838117553848316,0.09536152101269549,0.09536152101269549
2019-07-02,0.09550572471492218,0.09470622621305592,0.09373466963018373,0.09689003353536778,0.09689003353536778
2019-07-03,0.09675651322762825,0.10276952452315088,0.1088181531892276,0.10722736163738932,0.10722736163738932
2019-07-04,0.10745560940836191,0.1091726586722243,0.1171164789033769,0.10174358548435304,0.10174358548435304
2019-07-05,0.10201970559021613,0.10269329057520712,0.11521095029849826,0.10397259579064737,0.10397259579064737
2019-07-06,0.10414914122241711,0.10834735150421974,0.12001808768481473,0.11001124974076357,0.11001124974076357
2019-07-07,0.11025990459484933,0.10327874659628711,0.11971858935518578,0.1074995287741214,0.1074995287741214
2019-07-08,0.10759024764945212,0.10137917820133419,0.11931043859648374,0.10643144993840492,0.10643144993840492
2019-07-09,0.10658460681263524,0.10011690773467143,0.11053801388310039,0.09682612585684779,0.09682612585684779
2019-07-10,0.09720039362076195,0.09237256417129583,0.09715049260462177,0.08884786143024885,0.08884786143024885
2019-07-11,0.08905382135674261,0.08325055250206825,0.0848643467737156,0.07536005884479782,0.07536005884479782
2019-07-12,0.07553673458863386,0.0829123569749052,0.08505550562968378,0.08754416965524169,0.08754416965524169
2019-07-13,0.08761500744021329,0.08231382286834027,0.09042673092153392,0.08153555480070997,0.08153555480070997
2019-07-14,0.08195078883890566,0.07797203961775484,0.07442864939511268,0.06459012300611772,0.06459012300611772
2019-07-15,0.06480987409519155,0.0688625885558096,0.06585725585843286,0.0701433024006907,0.0701433024006907
2019-07-16,0.07023833259540024,0.06680335461360513,0.06121217247473503,0.05370214446318296,0.05370214446318296
2019-07-17,0.05388746817780227,0.05574670364032744,0.05760442248104392,0.05507354853726017,0.05507354853726017
2019-07-18,0.05512822169676704,0.056662004972118735,0.05892705740515523,0.059032318386562366,0.059032318386562366
2019-07-19,0.059118015684819725,0.05618952385137009,0.06357379091739093,0.05720316624003524,0.05720316624003524
2019-07-20,0.057225883998908655,0.06316021398005939,0.06558933757496027,0.06447899327253566,0.06447899327253566
2019-07-21,0.06457361597951487,0.0654547358523106,0.0715838846967563,0.06588309718990228,0.06588309718990228
2019-07-22,0.06594228454277044,0.06244458866927845,0.0672660673229114,0.05886588488759956,0.05886588488759956
2019-07-23,0.059171900862130464,0.0553509504239887,0.06409838953998312,0.05563205688728326,0.05563205688728326
2019-07-24,0.05571311491758593,0.059093776176752474,0.06313932345355858,0.06300215396230092,0.06300215396230092
2019-07-25,0.06308405437751452,0.061048291348131375,0.06969807228285638,0.06083715080173052,0.06083715080173052
2019-07-26,0.06089301434204793,0.057239134298483485,0.06729483077035653,0.06106465716390155,0.06106465716390155
2019-07-27,0.06115312735599804,0.05958773264291077,0.0650152635467231,0.05709447345294927,0.05709447345294927
2019-07-28,0.05722309511727336,0.05365174018040418,0.06418564719904762,0.05689800085840195,0.05689800085840195
2019-07-29,0.05672005059230492,0.053385850471192126,0.06348824028784841,0.05571322212568376,0.05571322212568376
2019-07-30,0.0557178460560744,0.052558449868640514,0.06067545394253689,0.05453269561593324,0.05453269561593324
2019-07-31,0.054560086666488886,0.05636233804931605,0.06358189930762029,0.058965824560740385,0.058965824560740385
2019-08-01,0.059089354945871184,0.055486341539189035,0.0644131942343257,0.05594649758568228,0.05594649758568228
2019-08-02,0.055956295435893116,0.05342877764027493,0.06436926667462711,0.05569865018030916,0.05569865018030916
2019-08-03,0.055711969484057156,0.05307583398433659,0.06192539785950447,0.05409784986718641,0.05409784986718641
2019-08-04,0.05417315424031899,0.05052389022800746,0.057071118007889714,0.04917618775031542,0.04917618775031542
2019-08-05,0.04926723753579697,0.0491985815075683,0.057505130263849576,0.051196764530790806,0.051196764530790806
2019-08-06,0.051285117902585706,0.047569959995171454,0.050712575291026483,0.04502900214998362,0.04502900214998362
2019-08-07,0.04509962744276461,0.04193365797720404,0.04636829895959111,0.03948343199651069,0.03948343199651069
2019-08-08,0.03954245707494077,0.04109884802766005,0.04417789557798839,0.042854400404234716,0.042854400404234716
2019-08-09,0.042923204135154484,0.03989773407585495,0.0442808010076709,0.03959070737594077,0.03959070737594077
2019-08-10,0.039649878819357845,0.03700265522770123,0.0425914961422413,0.037621629740296106,0.037621629740296106
2019-08-11,0.03766847802038807,0.037370299968941895,0.043788692846980136,0.03892507284729346,0.03892507284729346
2019-08-12,0.03920689485246406,0.03799644859413874,0.045093005654222335,0.039117566753683886,0.039117566753683886
2019-08-13,0.03916075380183706,0.03681147055356149,0.04336330109010621,0.03694955471019484,0.03694955471019484
2019-08-14,0.03699269713913285,0.03468169492364233,0.03560846512525884,0.030147092101160133,0.030147092101160133
2019-08-15,0.030257099776747537,0.029556896587250064,0.032496635658190894,0.032098588908511555,0.032098588908511555
2019-08-16,0.03215570565216914,0.031871059109465166,0.03678036934258054,0.03196348757878424,0.03196348757878424
2019-08-17,0.03197004581759016,0.04712709274065581,0.03697710449498712,0.04947167994636728,0.04947167994636728
2019-08-18,0.049196594167945515,0.055754277639475186,0.05647012981418955,0.05520541718286,0.05520541718286
2019-08-19,0.055582983708424225,0.062292708816803016,0.06170120798228627,0.060183328003548975,0.060183328003548975
2019-08-20,0.06027059572279682,0.057685482769998714,0.05976210779680898,0.054763285461425865,0.054763285461425865
2019-08-21,0.054843158152472496,0.05201650906005541,0.056182580691214366,0.05107389766714593,0.05107389766714593
2019-08-22,0.05114873661047345,0.050017279067620934,0.056799188205040534,0.05085860090425634,0.05085860090425634
2019-08-23,0.05093314609977269,0.04899956409517947,0.05898503950791801,0.050871854909178976,0.050871854909178976
2019-08-24,0.05093800174190559,0.0474334163148834,0.05153260382288693,0.04546857259091676,0.04546857259091676
2019-08-25,0.045535763709214576,0.04474507000868516,0.05220241375681436,0.04518123670558652,0.04518123670558652
2019-08-26,0.04515667501264397,0.04370369216934107,0.048676572729685584,0.04287096169368776,0.04287096169368776
2019-08-27,0.042989141265246375,0.04009663387956136,0.044369566542813134,0.04025542183295179,0.04025542183295179
2019-08-28,0.04032658102758187,0.04402309382905362,0.04570454898046665,0.041343294642248785,0.041343294642248785
2019-08-29,0.04129795846145071,0.03813588544801429,0.04186003399207887,0.03670747640264921,0.03670747640264921
2019-08-30,0.036762714007135606,0.03826998286770801,0.043067216819521206,0.037850379442516166,0.037850379442516166
2019-08-31,0.03789776393197649,0.03627576300514457,0.043389703146712616,0.03808353056850977,0.03808353056850977
2019-09-01,0.03817396281678738,0.035573709736314754,0.04338933329031619,0.038167605222624995,0.038167605222624995
2019-09-02,0.038356659464628864,0.03641484703297286,0.04383136858502929,0.03869047944684298,0.03869047944684298
2019-09-03,0.03884287109686988,0.03692183454114313,0.04443611224367777,0.03824329976480979,0.03824329976480979
2019-09-04,0.03828208178161329,0.0353914868437753,0.04079211632313692,0.03561751478206983,0.03561751478206983
2019-09-05,0.03565092136307487,0.03329591181870349,0.03906858551579191,0.0345215105288522,0.0345215105288522
2019-09-06,0.03457376563289548,0.0331639078335568,0.039720727694167,0.033856622004234324,0.033856622004234324
2019-09-07,0.033924927340295626,0.034029601823103925,0.039798511339384585,0.03644035722651616,0.03644035722651616
2019-09-08,0.03651445374013556,0.03987077816584461,0.04205804941662693,0.04148075831806926,0.04148075831806926
2019-09-09,0.04156656262395116,0.038389614419464244,0.043790030020105675,0.03844561605758752,0.03844561605758752
2019-09-10,0.03877036017435192,0.03662049757505009,0.04377845066984834,0.03740081254758883,0.03740081254758883
2019-09-11,0.037533117658160156,0.034977810064235976,0.04200430643717702,0.036965220794812584,0.036965220794812584
2019-09-12,0.03698781659627107,0.034361963959619005,0.04156716462709357,0.03643568226793181,0.03643568226793181
2019-09-13,0.036490623742591,0.036088788721835435,0.042903598039840764,0.03799450742099941,0.03799450742099941
2019-09-14,0.038050704208798386,0.03605917485560241,0.043856262765557964,0.038245413442893145,0.038245413442893145
2019-09-15,0.03830274938658922,0.03753514029821986,0.044882756518100184,0.0396203237359086,0.0396203237359086
2019-09-16,0.03968538725875022,0.03764298745999775,0.04361673807313409,0.037818226668848307,0.037818226668848307
2019-09-17,0.03790672819437568,0.036973841100508664,0.04390246636461917,0.03827137438311683,0.03827137438311683
2019-09-18,0.03831965698150327,0.039458277473129466,0.0445955488010294,0.04051707031286911,0.04051707031286911
2019-09-19,0.04041704537562712,0.03748541534729327,0.04333263145969488,0.03909978699098281,0.03909978699098281
2019-09-20,0.03918600314092814,0.03617478419041993,0.043961984793951726,0.038038670859540866,0.038038670859540866
2019-09-21,0.03804818923518084,0.03548609126791287,0.04415778108012123,0.037789082778099115,0.037789082778099115
2019-09-22,0.037791213713070454,0.03505792509869955,0.0432294984260761,0.037073068110665214,0.037073068110665214
2019-09-23,0.037150841668292064,0.03445167586256795,0.040693165511846964,0.03442997583444281,0.03442997583444281
2019-09-24,0.03447134893498462,0.03207548652124524,0.021151091544380052,0.023183492621771478,0.023183492621771478
2019-09-25,0.023220278297020225,0.02346589588131572,0.025886988898646462,0.02495846000896199,0.02495846000896199
2019-09-26,0.024991741050746516,0.025226803639697048,0.02702216353075386,0.02480906026867086,0.02480906026867086
2019-09-27,0.024751150208243554,0.024165691063443104,0.0284834092520488,0.025657341450520284,0.025657341450520284
2019-09-28,0.02570616786323384,0.02390027178896072,0.028979386679656022,0.02564547998645256,0.02564547998645256
2019-09-29,0.02576597941401961,0.023587032824206922,0.028083679838988428,0.025159682162496585,0.025159682162496585
2019-09-30,0.025185842232418078,0.024219979231247548,0.027752117804838557,0.025981529934903682,0.025981529934903682
2019-10-01,0.02609461923386583,0.025012991055059965,0.03037721625420993,0.025680318374626313,0.025680318374626313
2019-10-02,0.025720510683072566,0.0239258869599915,0.02985034159225511,0.02604014098481484,0.02604014098481484
2019-10-03,0.02610639727862922,0.024509437720416315,0.029378746236319968,0.02566549776124191,0.02566549776124191
2019-10-04,0.02573007256296505,0.02364289694835577,0.029178824628805715,0.025365057071794924,0.025365057071794924
2019-10-05,0.02540481924224742,0.023170392305870636,0.028557807288714487,0.02407944346110061,0.02407944346110061
2019-10-06,0.02413899068929376,0.02205830812665646,0.02738786615534304,0.02319127593047839,0.02319127593047839
2019-10-07,0.023195825781253517,0.023143836265380507,0.027491340594866215,0.024921905811520585,0.024921905811520585
2019-10-08,0.024957452747069578,0.023354826241639547,0.028420960422036873,0.024354569747149387,0.024354569747149387
2019-10-09,0.024392953223208863,0.023332268896351652,0.028079582968135702,0.025334446039787874,0.025334446039787874
2019-10-10,0.025375685389450016,0.023141342961313236,0.02860953028323005,0.024175653114094354,0.024175653114094354
2019-10-11,0.024268972494082157,0.022641529582770496,0.027785660934945194,0.02322603971824919,0.02322603971824919
2019-10-12,0.023155113089523824,0.021961445615816467,0.027046175746029515,0.022780202843468957,0.022780202843468957
2019-10-13,0.02268414070336143,0.021108029972713844,0.026293859385207057,0.022156021272056226,0.022156021272056226
2019-10-14,0.02219140508015209,0.020200279118333806,0.02541684451780498,0.02160676337199789,0.02160676337199789
2019-10-15,0.02166380843650141,0.020622282592588376,0.024447337100804385,0.021727591157962366,0.021727591157962366
2019-10-16,0.02176239042216372,0.02002831170290127,0.02284585890427994,0.02020815501764797,0.02020815501764797
2019-10-17,0.02032009040359027,0.019435069987045164,0.023468953130289565,0.021221104155590576,0.021221104155590576
2019-10-18,0.021255212376200115,0.019231089488258284,0.02266423096314276,0.019681724840889776,0.019681724840889776
2019-10-19,0.01968825930882001,0.018329266111472137,0.023546167765666495,0.019918680587433412,0.019918680587433412
2019-10-20,0.019945981852797008,0.0181081617885251,0.02329776651972841,0.019789970025558098,0.019789970025558098
2019-10-21,0.019861418977497887,0.01829266628950346,0.02335005852408463,0.01959635711312355,0.01959635711312355
2019-10-22,0.019587336654642358,0.017927750069694905,0.02265774425095929,0.01950594142475828,0.01950594142475828
2019-10-23,0.01952710179146551,0.017715137093618483,0.019312535397746557,0.016259431355941895,0.016259431355941895
2019-10-24,0.016286769941443693,0.01589471934193332,0.01954557337798695,0.017631158698431845,0.017631158698431845
2019-10-25,0.017660368849018837,0.018242823729894445,0.019819153309374032,0.020110876092212068,0.020110876092212068
2019-10-26,0.020158808382591334,0.021621650610572533,0.023328208546203474,0.01956654181874788,0.01956654181874788
2019-10-27,0.019611988376240154,0.02780156348041538,0.023082823052420855,0.028223470977707905,0.028223470977707905
2019-10-28,0.028301994147482093,0.032193471551447625,0.0321510759819609,0.02868355652945,0.02868355652945
2019-10-29,0.028700754419873152,0.02706580356320436,0.03163057423022144,0.028738860294830724,0.028738860294830724
2019-10-30,0.028810467031347806,0.0263671139026917,0.030515741699917463,0.026750287087217318,0.026750287087217318
2019-10-31,0.026798687343136306,0.026717681863245187,0.03022025488966515,0.02819800737350382,0.02819800737350382
2019-11-01,0.028331252503923918,0.029421928863306437,0.03203630669710073,0.029809724212257045,0.029809724212257045
2019-11-02,0.029911477659800623,0.030340664368624374,0.03536145795343036,0.03151464182108535,0.03151464182108535
2019-11-03,0.031617849908217165,0.030165427431820598,0.03505669628277536,0.03187128148074836,0.03187128148074836
2019-11-04,0.031901419408778504,0.03263523328434853,0.037282605878434974,0.034056377016511055,0.034056377016511055
2019-11-05,0.0341079974990704,0.03172153143063812,0.0382890420340941,0.03375429511819936,0.03375429511819936
2019-11-06,0.03384653984576041,0.03129275369627624,0.03848631774584931,0.033758771142375854,0.033758771142375854
2019-11-07,0.033809711667737025,0.031244345962592724,0.03760805105679779,0.03269044363864958,0.03269044363864958
2019-11-08,0.03272911963697128,0.03012678121877783,0.03376225579626853,0.03036388087210855,0.03036388087210855
2019-11-09,0.030437530458260316,0.028708161769707707,0.03493293664243282,0.030649600415375042,0.030649600415375042
2019-11-10,0.030894334329686197,0.030136872043729352,0.035647669903279985,0.0322137221970515,0.0322137221970515
2019-11-11,0.0324446786108989,0.029846966641567402,0.03589063710523983,0.03146714623121251,0.03146714623121251
2019-11-12,0.03153532889268675,0.030377734625322724,0.0367975249892763,0.03171598830862485,0.03171598830862485
2019-11-13,0.03189673807174782,0.029724653611852014,0.036602183910979316,0.03166406642817747,0.03166406642817747
2019-11-14,0.031715137055977366,0.029206187496277684,0.0355884644293598,0.03073108892218829,0.03073108892218829
2019-11-15,0.030777923422141036,0.028419056106586207,0.03243339021440206,0.027486966066266046,0.027486966066266046
2019-11-16,0.02752085828230738,0.026081748195671117,0.03252787429844287,0.027850717631009488,0.027850717631009488
2019-11-17,0.027902760761242172,0.02636149220767209,0.03269539079553181,0.028008124481216364,0.028008124481216364
2019-11-18,0.028048405124500284,0.025670000198523456,0.02779997153243767,0.023395929702548297,0.023395929702548297
2019-11-19,0.023434773175649966,0.022000256481014616,0.025290495882687468,0.02292311234870416,0.02292311234870416
2019-11-20,0.022959542764847955,0.021928279967374408,0.026885857223424875,0.022597009120645262,0.022597009120645262
2019-11-21,0.022650250811346674,0.02073568088417643,0.02220976280341134,0.01988525960691556,0.01988525960691556
2019-11-22,0.019917545220408436,0.018908159568073176,0.01945729150120927,0.018649827200599985,0.018649827200599985
2019-11-23,0.01865893787883191,0.016775467242830033,0.020158567679324946,0.01824934737080826,0.01824934737080826
2019-11-24,0.01824536167275328,0.01639497963346925,0.017097351637583295,0.013801895148636327,0.013801895148636327
2019-11-25,0.013744056911910713,0.012797494690438428,0.013007138200000528,0.012845120114108769,0.012845120114108769
2019-11-26,0.012867800262388937,0.012725565220271184,0.0159001833833365,0.013965369498282445,0.013965369498282445
2019-11-27,0.01392769978744987,0.013339835368543742,0.015168009970873239,0.014490954203807301,0.014490954203807301
2019-11-28,0.014526163905511995,0.015538482642887257,0.017759764443582203,0.015988656760064713,0.015988656760064713
2019-11-29,0.016035048473128394,0.01635678033341967,0.019175745432053012,0.01777521207651216,0.01777521207651216
2019-11-30,0.01781602330528939,0.01622503508737431,0.01876839128712786,0.016117417055541986,0.016117417055541986
2019-12-01,0.016212939280294734,0.014728111777549856,0.017669690185806462,0.015596656509407354,0.015596656509407354
2019-12-02,0.015579290432315743,0.013944532170067424,0.017475800082603153,0.0146324711681876,0.0146324711681876
2019-12-03,0.014657589952575817,0.013877542264561768,0.017800733152109394,0.014981998922770183,0.014981998922770183
2019-12-04,0.015023431461378708,0.01413296480103857,0.01726785543633566,0.014716172820288125,0.014716172820288125
2019-12-05,0.014735728439822177,0.014830007939997367,0.01797174905971835,0.015433953030591637,0.015433953030591637
2019-12-06,0.015449931145749518,0.013878553699230564,0.018397027014624152,0.015507011691872484,0.015507011691872484
2019-12-07,0.015549882671500594,0.014275435958920512,0.018614900882611085,0.015639775542307627,0.015639775542307627
2019-12-08,0.015647344124363007,0.014509735976034926,0.01858508476696074,0.01584967620938443,0.01584967620938443
2019-12-09,0.015859423632290738,0.014134658366065395,0.017568690939090144,0.014402453259117536,0.014402453259117536
2019-12-10,0.014403129404082978,0.01309142230953909,0.01706659665569587,0.014040019634826054,0.014040019634826054
2019-12-11,0.014081038475933961,0.012732951045527074,0.016511812061056917,0.01358585238171733,0.01358585238171733
2019-12-12,0.013609543174464939,0.01216508928333691,0.016189467986325666,0.013509088567090377,0.013509088567090377
2019-12-13,0.013533197539698423,0.013728931933457575,0.016718220380754635,0.014672307783358436,0.014672307783358436
2019-12-14,0.014707167303789162,0.013307210720040812,0.01653693384552185,0.01371145459347008,0.01371145459347008
2019-12-15,0.013757079993118435,0.012796530299242596,0.015285937260349061,0.013572225374779989,0.013572225374779989
2019-12-16,0.013593955318181887,0.012565617412181831,0.015480054967488631,0.012535205173488207,0.012535205173488207
2019-12-17,0.012557462478274424,0.011555311786732747,0.013659422630835777,0.01151917255222401,0.01151917255222401
2019-12-18,0.01154004359669415,0.011555570525834065,0.01299789179008988,0.012902413223567954,0.012902413223567954
2019-12-19,0.012925171541743817,0.011608071041665748,0.014217507482550528,0.012215442979679345,0.012215442979679345
2019-12-20,0.012237264005520792,0.01085194130065982,0.014812065865051294,0.012052441099251857,0.012052441099251857
2019-12-21,0.0120740397276687,0.010580994418103753,0.01433603223235904,0.01172153857860371,0.01172153857860371
2019-12-22,0.01174079327297845,0.011371348285693507,0.014483320429612673,0.01190547830545682,0.01190547830545682
2019-12-23,0.011921298656677891,0.011784813369604477,0.014863959562519055,0.011937730546328587,0.011937730546328587
2019-12-24,0.011984920018983316,0.011377699154544112,0.014689785650294458,0.012538363257212741,0.012538363257212741
2019-12-25,0.012560624870843038,0.011012124326114012,0.014469208985564419,0.011860270461274181,0.011860270461274181
2019-12-26,0.011881606894832543,0.011032964584638594,0.014571630756882375,0.012176128567329098,0.012176128567329098
2019-12-27,0.01219478336204014,0.011372312676889339,0.014901798716922644,0.012540651002902952,0.012540651002902952
2019-12-28,0.012556790158594485,0.011280860165440606,0.015166502094795503,0.01212388341846897,0.01212388341846897
2019-12-29,0.012141819511698201,0.01140914771622286,0.015126586054473534,0.012630693689253514,0.012630693689253514
2019-12-30,0.012623798020028503,0.011168379221575417,0.015047351434162276,0.012231457199510822,0.012231457199510822
2019-12-31,0.012287040562565238,0.011069493841397823,0.015007862151220797,0.012103219106854135,0.012103219106854135
