Date,Close
2014-09-17,0.0003879990040667276
2014-09-18,0.0003097471040868834
2014-09-19,0.0002525402226622245
2014-09-20,0.00020215074161459754
2014-09-21,0.0001422761817815349
2014-09-22,0.00016806373972943806
2014-09-23,0.0001550217563994641
2014-09-24,0.00017132423556193177
2014-09-25,0.00018733030601235422
2014-09-26,0.00015591098253559844
2014-09-27,0.0001822913579075916
2014-09-28,0.00035331918475747857
2014-09-29,0.0001822913579075916
2014-09-30,0.00016421042647285478
2014-10-01,0.00019622256737370034
2014-10-02,0.00023238443024317375
2014-10-03,0.0002765493283378585
2014-10-04,0.0002522438139501797
2014-10-05,0.00020718968971936017
2014-10-06,0.00018970157570871314
2014-10-07,0.00020007588063028362
2014-10-08,0.00020659687229527038
2014-10-09,0.00021756399464093064
2014-10-10,0.00023149520410703918
2014-10-11,0.00019651897608574513
2014-10-12,0.00022764189085045568
2014-10-13,0.00020570764615913603
2014-10-14,0.00023179161281908396
2014-10-15,0.0002184532207770652
2014-10-16,0.00022675266471432133
2014-10-17,0.00024127669160451943
2014-10-18,0.00025935762303925624
2014-10-19,0.0002546150836465386
2014-10-20,0.0002913697639401016
2014-10-21,0.0003269388093854854
2014-10-22,0.0003251603571132163
2014-10-23,0.0003118219650711973
2014-10-24,0.0002940374423485055
2014-10-25,0.00018644107987621987
2014-10-26,0.00013575519011654793
2014-10-27,0.00023742337834793638
2014-10-28,0.00022378857759387284
2014-10-29,0.0002033363764627769
2014-10-30,0.0002371269696358916
2014-10-31,0.0002303095692588596
2014-11-01,0.00017221346169806612
2014-11-02,0.0001701386007137522
2014-11-03,0.00021341427267230237
2014-11-04,0.0002119322291120778
2014-11-05,0.00022853111698659047
2014-11-06,0.00023327365637930832
2014-11-07,0.00023327365637930832
2014-11-08,0.00024216591774065422
2014-11-09,0.00024779768326950663
2014-11-10,0.00024038746546838508
2014-11-11,0.00023979464804429551
2014-11-12,0.0002984835730291786
2014-11-13,0.000280106232882397
2014-11-14,0.000328124444233665
2014-11-15,0.0002851451809871596
2014-11-16,0.00032338190484094715
2014-11-17,0.0003705108900560806
2014-11-18,0.0003977804915642081
2014-11-19,0.0004760323915440523
2014-11-20,0.0005833323453042932
2014-11-21,0.0007407253714001164
2014-11-22,0.0010590683281363005
2014-11-23,0.0013365068826102938
2014-11-24,0.001325539760264634
2014-11-25,0.0016747092230534845
2014-11-26,0.002049369835078193
2014-11-27,0.002998174122333804
2014-11-28,0.0032827264858968745
2014-11-29,0.0029320749795477994
2014-11-30,0.00211072643847148
2014-12-01,0.0025102853823079575
2014-12-02,0.0026878342008228315
2014-12-03,0.002679534756885575
2014-12-04,0.002742669812551131
2014-12-05,0.0028736824632749607
2014-12-06,0.0030577522734548217
2014-12-07,0.003172758853728229
2014-12-08,0.0027657896920906307
2014-12-09,0.003253974840828523
2014-12-10,0.0035026617502341637
2014-12-11,0.0036410846187591153
2014-12-12,0.0036410846187591153
2014-12-13,0.0038242652028028417
2014-12-14,0.003864280378928898
2014-12-15,0.004194776092858921
2014-12-16,0.00517203561647084
2014-12-17,0.006513581447185896
2014-12-18,0.007069347782270016
2014-12-19,0.005705274889439551
2014-12-20,0.005962854060206539
2014-12-21,0.006174489880606572
2014-12-22,0.00636448786502733
2014-12-23,0.005865335593943778
2014-12-24,0.005718316872769525
2014-12-25,0.005942401859075443
2014-12-26,0.006289200052167934
2014-12-27,0.005923431701504572
2014-12-28,0.005831545000770663
2014-12-29,0.005969967869295615
2014-12-30,0.005960779199222224
2014-12-31,0.006031324472688901
2015-01-01,0.006017096854510749
2015-01-02,0.0059957554272435185
2015-01-03,0.0053400993562002785
2015-01-04,0.004398112469321699
2015-01-05,0.004809527761639971
2015-01-06,0.004932833785850635
2015-01-07,0.004965735152887615
2015-01-08,0.004916234897976122
2015-01-09,0.0048865940267716354
2015-01-10,0.004488517126495383
2015-01-11,0.004349797849258386
2015-01-12,0.004251686565571536
2015-01-13,0.0034258918938145427
2015-01-14,0.0030064735662710604
2015-01-15,0.003661833228602256
2015-01-16,0.0036496804714084164
2015-01-17,0.003340822593457668
2015-01-18,0.003418185267301377
2015-01-19,0.0035275600820459316
2015-01-20,0.0035634255362033606
2015-01-21,0.003723782649419633
2015-01-22,0.003829600559619649
2015-01-23,0.003747791755095266
2015-01-24,0.003748384572519356
2015-01-25,0.003701551996016267
2015-01-26,0.003535859525983188
2015-01-27,0.0034830987752392023
2015-01-28,0.003224926787048125
2015-01-29,0.003146674887068281
2015-01-30,0.003068719395800482
2015-01-31,0.0030257401325539755
2015-02-01,0.0029786111473388424
2015-02-02,0.002839595461389801
2015-02-03,0.002648411842120864
2015-02-04,0.002788613162918085
2015-02-05,0.003075536796177514
2015-02-06,0.003288654660137771
2015-02-07,0.003108438163214494
2015-02-08,0.003063680447695719
2015-02-09,0.0029356318840923377
2015-02-10,0.0028333708784368597
2015-02-11,0.002871014784866557
2015-02-12,0.0029489702761343562
2015-02-13,0.003105177667382
2015-02-14,0.0032207770650794975
2015-02-15,0.0028520446272956856
2015-02-16,0.0028633081583533905
2015-02-17,0.002946599006437998
2015-02-18,0.00287546091554723
2015-02-19,0.0028656794280497496
2015-02-20,0.002783574214813322
2015-02-21,0.0027257745159645743
2015-02-22,0.002679534756885575
2015-02-23,0.0027400021341427274
2015-02-24,0.0027583794742895096
2015-02-25,0.0027598615178497333
2015-02-26,0.002729627829221157
2015-02-27,0.002747708760655893
2015-02-28,0.002640408806895652
2015-03-01,0.0024154345944536007
2015-03-02,0.0024015033849874917
2015-03-03,0.0019275458544277535
2015-03-04,0.0017612605669705844
2015-03-05,0.0022094305395824196
2015-03-06,0.002005501345695553
2015-03-07,0.0019103541491291513
2015-03-08,0.0017402155484153993
2015-03-09,0.001942366290029997
2015-03-10,0.001777266637421007
2015-03-11,0.001819653083243423
2015-03-12,0.0018581862158092554
2015-03-13,0.0019032403400400747
2015-03-14,0.0020742681668899613
2015-03-15,0.0019939414059258033
2015-03-16,0.002038699121444578
2015-03-17,0.0020271391816748282
2015-03-18,0.0019222104976109457
2015-03-19,0.001894051669966684
2015-03-20,0.0018839737737571583
2015-03-21,0.0018057218737773145
2015-03-22,0.0018098715957459424
2015-03-23,0.0018433657802070123
2015-03-24,0.0016797481711582469
2015-03-25,0.001489453778025444
2015-03-26,0.0013854143200976964
2015-03-27,0.0014242438613755737
2015-03-28,0.0014112018780456002
2015-03-29,0.0013065696026937626
2015-03-30,0.0012932312106517436
2015-03-31,0.0010913768777491908
2015-04-01,0.001060550371696525
2015-04-02,0.0011310956451632027
2015-04-03,0.0013723723367677224
2015-04-04,0.0014091270170612856
2015-04-05,0.0013780041022965748
2015-04-06,0.0013919353117626838
2015-04-07,0.0014764117946954695
2015-04-08,0.0015140557011251677
2015-04-09,0.0013901568594904142
2015-04-10,0.0013107193246623908
2015-04-11,0.0012478806777088793
2015-04-12,0.001339767378442787
2015-04-13,0.0012164613542321235
2015-04-14,0.0012060870493105533
2015-04-15,0.0011438412197811317
2015-04-16,0.0011619221512158685
2015-04-17,0.0011663682818965414
2015-04-18,0.001129317192890934
2015-04-19,0.0011133111224405105
2015-04-20,0.0011388022716763693
2015-04-21,0.0011494729853099846
2015-04-22,0.0011663682818965414
2015-04-23,0.0011645898296242727
2015-04-24,0.0011817815349228745
2015-04-25,0.0012452129993004756
2015-04-26,0.0010818917989637556
2015-04-27,0.0010893020167648771
2015-04-28,0.0010492868406388202
2015-04-29,0.0011183500705452738
2015-04-30,0.0011675539167447214
2015-05-01,0.0011642934209122277
2015-05-02,0.00116992518644108
2015-05-03,0.0011752605432578875
2015-05-04,0.0011639970122001827
2015-05-05,0.0011322812800113819
2015-05-06,0.0010943409648696391
2015-05-07,0.0010193495607222895
2015-05-08,0.0010080860296645838
2015-05-09,0.0010326879527643071
2015-05-10,0.0009757774800516939
2015-05-11,0.0009692564883867064
2015-05-12,0.0009256844077161117
2015-05-13,0.00082016290622814
2015-05-14,0.0007445786846566995
2015-05-15,0.0007602883463950771
2015-05-16,0.0007404289626880712
2015-05-17,0.0006636591062684513
2015-05-18,0.0004914456445703852
2015-05-19,0.0007259049357978729
2015-05-20,0.0007546565808662247
2015-05-21,0.0007359828320073986
2015-05-22,0.000758509894122808
2015-05-23,0.0008032676096415827
2015-05-24,0.0008059352880499865
2015-05-25,0.0008403186986471905
2015-05-26,0.0008014891573693136
2015-05-27,0.0008438756031917292
2015-05-28,0.0011165716182730042
2015-05-29,0.0014719656640147967
2015-05-30,0.0012801892273217696
2015-05-31,0.001244916590588431
2015-06-01,0.0010341699963245326
2015-06-02,0.0011533262985665678
2015-06-03,0.0011625149686399585
2015-06-04,0.0011230926099379916
2015-06-05,0.0011459160807654458
2015-06-06,0.0011307992364511582
2015-06-07,0.001121610566377767
2015-06-08,0.0011589580640954202
2015-06-09,0.0011574760205351957
2015-06-10,0.0011586616553833748
2015-06-11,0.0011714072300013046
2015-06-12,0.0011758533606819775
2015-06-13,0.0011865240743155927
2015-06-14,0.001202530144766015
2015-06-15,0.0013305787083693964
2015-06-16,0.0015810440700473071
2015-06-17,0.0016563318829067026
2015-06-18,0.0018264704836204546
2015-06-19,0.0021095408036233003
2015-06-20,0.002059744139999763
2015-06-21,0.0018448478237672364
2015-06-22,0.001919839227914587
2015-06-23,0.0019494800991190736
2015-06-24,0.002022693050994155
2015-06-25,0.0020624118184081673
2015-06-26,0.002133549909298934
2015-06-27,0.0021800860770899784
2015-06-28,0.002186607068754965
2015-06-29,0.002337775511897846
2015-06-30,0.0021430349880843702
2015-07-01,0.0021068731252148966
2015-07-02,0.0020591513225756736
2015-07-03,0.002077528662722455
2015-07-04,0.001983567101004233
2015-07-05,0.001758296479850136
2015-07-06,0.001714131581755451
2015-07-07,0.001627283829126306
2015-07-08,0.0015884542878484282
2015-07-09,0.0014515134628837012
2015-07-10,0.0014100162431974206
2015-07-11,0.001341249422003012
2015-07-12,0.001340953013290967
2015-07-13,0.001327614621248948
2015-07-14,0.0013459919613957295
2015-07-15,0.00131190495951057
2015-07-16,0.0011773354042422016
2015-07-17,0.0011666646906085864
2015-07-18,0.0011767425868181116
2015-07-19,0.0011859312568915023
2015-07-20,0.0011435448110690871
2015-07-21,0.001073295946314454
2015-07-22,0.0010341699963245326
2015-07-23,0.001006900394816405
2015-07-24,0.0010569934671519868
2015-07-25,0.001125760288346395
2015-07-26,0.0011930450659805797
2015-07-27,0.001325539760264634
2015-07-28,0.001292045575803564
2015-07-29,0.001312794185646705
2015-07-30,0.0013044947417094484
2015-07-31,0.0012884886712590258
2015-08-01,0.00122476079816938
2015-08-02,0.0012271320678657388
2015-08-03,0.0012422489121800269
2015-08-04,0.0012392848250595782
2015-08-05,0.0012253536155934692
2015-08-06,0.0011660718731844968
2015-08-07,0.0012040121883262391
2015-08-08,0.0013000486110287756
2015-08-09,0.0013984563034276703
2015-08-10,0.0013812645981290685
2015-08-11,0.0013341356129139346
2015-08-12,0.0012392848250595782
2015-08-13,0.001202530144766015
2015-08-14,0.0012588478000545395
2015-08-15,0.0012834497231542633
2015-08-16,0.0012523268083895526
2015-08-17,0.0012481770864209247
2015-08-18,0.0010261669610993206
2015-08-19,0.001087227155780563
2015-08-20,0.0011210177489536775
2015-08-21,0.0011236854273620816
2015-08-22,0.0010765564421469477
2015-08-23,0.0010261669610993206
2015-08-24,0.0009802236107323667
2015-08-25,0.0008998968497682088
2015-08-26,0.0010083824383766292
2015-08-27,0.001025870552387276
2015-08-28,0.0009908943243659815
2015-08-29,0.0010851522947962493
2015-08-30,0.0011737784996976633
2015-08-31,0.0011245746534982158
2015-09-01,0.0011041224523671202
2015-09-02,0.0010700354504819608
2015-09-03,0.0009903015069418924
2015-09-04,0.0009677744448264819
2015-09-05,0.0011174608444091388
2015-09-06,0.00112664951448253
2015-09-07,0.0011346525497077414
2015-09-08,0.0011088649917598377
2015-09-09,0.0010635144588169738
2015-09-10,0.0010590683281363005
2015-09-11,0.00129056353224334
2015-09-12,0.001217350580368258
2015-09-13,0.0013166474989032878
2015-09-14,0.0009822984717166813
2015-09-15,0.0010759636247228582
2015-09-16,0.0009888194633816678
2015-09-17,0.0009728133929312452
2015-09-18,0.0010193495607222895
2015-09-19,0.0010054183512561796
2015-09-20,0.0010513617016231344
2015-09-21,0.000935762303925637
2015-09-22,0.0009123460156740932
2015-09-23,0.0007641416596516609
2015-09-24,0.0007765908255575448
2015-09-25,0.000758806302834853
2015-09-26,0.0007146414047401685
2015-09-27,0.0007250157096617385
2015-09-28,0.0006529883926348365
2015-09-29,0.00044135257223480305
2015-09-30,0.00042386445822415624
2015-10-01,0.00040252303095692594
2015-10-02,0.000527014690015769
2015-10-03,0.0004229752320880217
2015-10-04,0.0003396843840034148
2015-10-05,0.0002721031976571854
2015-10-06,0.0003669539855115423
2015-10-07,0.00038088519497765064
2015-10-08,0.0002789205980342174
2015-10-09,0.0002646929798560639
2015-10-10,0.00028069905030648655
2015-10-11,0.00032367831355299193
2015-10-12,0.0003467981930924914
2015-10-13,0.00038147801240174086
2015-10-14,0.00039363076959558004
2015-10-15,0.0003879990040667276
2015-10-16,0.0003877025953546826
2015-10-17,0.00032990289650593413
2015-10-18,0.0002635073450078845
2015-10-19,0.0002824775025787557
2015-10-20,0.00018999798442075814
2015-10-21,0.00017992008821123267
2015-10-22,0.00018762671472439922
2015-10-23,0.0001739919139703357
2015-10-24,0.0001695457832896624
2015-10-25,0.00013812645981290685
2015-10-26,0.0001733990965462459
2015-10-27,0.00016569247003307935
2015-10-28,0.0001733990965462459
2015-10-29,0.0001612463393524063
2015-10-30,0.0002220101253216035
2015-10-31,0.00017695600109078396
2015-11-01,0.00024038746546838508
2015-11-02,0.0003159716870398256
2015-11-03,0.0003832564646740098
2015-11-04,0.00025402226622244883
2015-11-05,0.00012330602421066375
2015-11-06,0.000139904912085176
2015-11-07,0.00017903086207509788
2015-11-08,0.00016509965260898957
2015-11-09,0.00015383612155128474
2015-11-10,9.366515300617711e-05
2015-11-11,5.157511589580651e-05
2015-11-12,0.0001336803291322338
2015-11-13,0.00011471017156136263
2015-11-14,7.054527346667789e-05
2015-11-15,2.2230653403364654e-05
2015-11-16,4.268285453446039e-05
2015-11-17,4.742539392717845e-05
2015-11-18,4.9796663623537154e-05
2015-11-19,3.912594998992211e-05
2015-11-20,4.060799355014668e-05
2015-11-21,4.5943350366954095e-05
2015-11-22,5.246434203194108e-05
2015-11-23,5.8688924984883276e-05
2015-11-24,4.5054124230819526e-05
2015-11-25,6.758118634622896e-05
2015-11-26,5.957815112101763e-05
2015-11-27,5.513202044034457e-05
2015-11-28,4.3868489382639956e-05
2015-11-29,6.194942081737655e-05
2015-11-30,3.290136703697991e-05
2015-12-01,0.0
2015-12-02,2.4601923099723576e-05
2015-12-03,5.0982298471716724e-05
2015-12-04,0.0001968153847977899
2015-12-05,0.000358950950286331
2015-12-06,0.00037169652490425995
2015-12-07,0.00043572080670595064
2015-12-08,0.0007958573918404612
2015-12-09,0.0013139798204948845
2015-12-10,0.00129056353224334
2015-12-11,0.0012896743061072049
2015-12-12,0.0013178331337514674
2015-12-13,0.0013898604507783696
2015-12-14,0.0010445443012461024
2015-12-15,0.0007688841990443787
2015-12-16,0.0007899292175995638
2015-12-17,0.000771848286164827
2015-12-18,0.0006808508115670536
2015-12-19,0.0006523955752107465
2015-12-20,0.0006357966873362343
2015-12-21,0.0006458745835457595
2015-12-22,0.0006233475214303499
2015-12-23,0.0005723652229586334
2015-12-24,0.00055754478735639
2015-12-25,0.0007104916827715402
2015-12-26,0.0006177157559014974
2015-12-27,0.0006678088282370796
2015-12-28,0.000666919602100945
2015-12-29,0.0006443925399855354
2015-12-30,0.0006200870255978564
2015-12-31,0.0005779969884874858
2016-01-01,0.000552802247963672
2016-01-02,0.0005854072062886073
2016-01-03,0.0005711795881104538
2016-01-04,0.0005536914740998068
2016-01-05,0.0005791826233356651
2016-01-06,0.0005670298661418259
2016-01-07,0.0005777005797754408
2016-01-08,0.0005462812562986852
2016-01-09,0.0005608052831888837
2016-01-10,0.0005530986566757172
2016-01-11,0.0005350177252409804
2016-01-12,0.0005228649680471408
2016-01-13,0.000505080445324449
2016-01-14,0.00042653213663255995
2016-01-15,0.0003376095230191007
2016-01-16,0.0003029297037098512
2016-01-17,0.0003485766453647605
2016-01-18,0.00036636116808745254
2016-01-19,0.0003500586889249851
2016-01-20,0.0003826636472499202
2016-01-21,0.00036250785483086926
2016-01-22,0.0003035225211339414
2016-01-23,0.00030530097340621056
2016-01-24,0.000334645435898652
2016-01-25,0.0003097471040868834
2016-01-26,0.0003939271783076248
2016-01-27,0.0007161234483003926
2016-01-28,0.0006331290089278303
2016-01-29,0.0008151239581233776
2016-01-30,0.0007540637634421352
2016-01-31,0.0006844077161115921
2016-02-01,0.0007267941619340077
2016-02-02,0.0007937825308561471
2016-02-03,0.0008278695327413065
2016-02-04,0.0008536570906892099
2016-02-05,0.0009402084346063102
2016-02-06,0.0011358381845559206
2016-02-07,0.0012591442087665841
2016-02-08,0.001156290385687016
2016-02-09,0.0011041224523671202
2016-02-10,0.001115385983424825
2016-02-11,0.0011041224523671202
2016-02-12,0.0011527334811424778
2016-02-13,0.0012351351030909499
2016-02-14,0.00133383920420189
2016-02-15,0.0013459919613957295
2016-02-16,0.001292638393227654
2016-02-17,0.0011998624663576113
2016-02-18,0.0011574760205351957
2016-02-19,0.001231578198546412
2016-02-20,0.0012339494682427708
2016-02-21,0.0011885989352999064
2016-02-22,0.0011737784996976633
2016-02-23,0.0011500658027340741
2016-02-24,0.00118148512621083
2016-02-25,0.0011669610993206314
2016-02-26,0.001176149769394022
2016-02-27,0.0011506586201581637
2016-02-28,0.0011260566970584403
2016-02-29,0.001136134593267966
2016-03-01,0.0011607365163676894
2016-03-02,0.0011678503254567655
2016-03-03,0.0012069762754466883
2016-03-04,0.0011874133004517269
2016-03-05,0.0011227962012259466
2016-03-06,0.0011174608444091388
2016-03-07,0.0011346525497077414
2016-03-08,0.0011438412197811317
2016-03-09,0.0011755569519699325
2016-03-10,0.0012152757193839448
2016-03-11,0.0013969742598674462
2016-03-12,0.001366444162526825
2016-03-13,0.0013471775962439086
2016-03-14,0.0013009378371649102
2016-03-15,0.0012140900845357648
2016-03-16,0.0012117188148394057
2016-03-17,0.0012440273644522964
2016-03-18,0.0011942307008287589
2016-03-19,0.0011637006034881377
2016-03-20,0.0011471017156136254
2016-03-21,0.0011728892735615288
2016-03-22,0.0011915630224203547
2016-03-23,0.001257365756494315
2016-03-24,0.0012271320678657388
2016-03-25,0.0012155721280959894
2016-03-26,0.0011785210390903812
2016-03-27,0.0011675539167447214
2016-03-28,0.0010297238656438593
2016-03-29,0.0010303166830679489
2016-03-30,0.0009609570444494499
2016-03-31,0.0009784451584600976
2016-04-01,0.0009864481936853096
2016-04-02,0.0010110501167850333
2016-04-03,0.0010116429342091225
2016-04-04,0.0010080860296645838
2016-04-05,0.0010030470815598214
2016-04-06,0.0009502863308158351
2016-04-07,0.0008254982630449474
2016-04-08,0.000765030885787795
2016-04-09,0.0006515063490746121
2016-04-10,0.0005474668911468646
2016-04-11,0.0005803682581838445
2016-04-12,0.0005320536381205319
2016-04-13,0.00047573598283200754
2016-04-14,0.0006518027577866571
2016-04-15,0.0006918179339127134
2016-04-16,0.0007173090831485718
2016-04-17,0.0007140485873160783
2016-04-18,0.0008586960387939723
2016-04-19,0.0008975255800718501
2016-04-20,0.0009348730777895024
2016-04-21,0.0009908943243659815
2016-04-22,0.0009467294262712972
2016-04-23,0.0009651067664180782
2016-04-24,0.0009369479387738165
2016-04-25,0.0009464330175592518
2016-04-26,0.0008907081796948181
2016-04-27,0.0007810369562382177
2016-04-28,0.0007694770164684683
2016-04-29,0.0007911148524477433
2016-04-30,0.000806824514186121
2016-05-01,0.0008005999312331786
2016-05-02,0.0007777764604057244
2016-05-03,0.0007321295187508151
2016-05-04,0.0006618806539961822
2016-05-05,0.0006233475214303499
2016-05-06,0.0006844077161115921
2016-05-07,0.000711380908907675
2016-05-08,0.0006858897596718166
2016-05-09,0.0006844077161115921
2016-05-10,0.0006467638096818941
2016-05-11,0.0006221618865821705
2016-05-12,0.0006156408949171833
2016-05-13,0.0005984491896185815
2016-05-14,0.000587778475984966
2016-05-15,0.0005842215714404277
2016-05-16,0.0005726616316706779
2016-05-17,0.0005729580403827229
2016-05-18,0.0005744400839429475
2016-05-19,0.0005756257187911268
2016-05-20,0.0005910389718174597
2016-05-21,0.0005631765528852424
2016-05-22,0.0005471704824348198
2016-05-23,0.0005391674472096084
2016-05-24,0.0005548771089479861
2016-05-25,0.0004938169142667441
2016-05-26,0.00046802935631884077
2016-05-27,0.0004709934434392897
2016-05-28,0.00047188266957542426
2016-05-29,0.00046595449533452685
2016-05-30,0.0004914456445703852
2016-05-31,0.000478996478664501
2016-06-01,0.000509526576005122
2016-06-02,0.0004967810013871926
2016-06-03,0.0005148619328219296
2016-06-04,0.0005009307233558209
2016-06-05,0.0005056732627485387
2016-06-06,0.0004976702275233274
2016-06-07,0.0005009307233558209
2016-06-08,0.0004979666362353722
2016-06-09,0.00050330199305218
2016-06-10,0.00048788874002584693
2016-06-11,0.0004967810013871926
2016-06-12,0.0005222721506230512
2016-06-13,0.0005139727066857951
2016-06-14,0.0008936722668152659
2016-06-15,0.0008290551675894861
2016-06-16,0.0007665129293480196
2016-06-17,0.0007715518774527824
2016-06-18,0.0007451715020807895
2016-06-19,0.000807120922898166
2016-06-20,0.0007516924937457765
2016-06-21,0.0006171229384774077
2016-06-22,0.0007128629524678989
2016-06-23,0.0006790723592947846
2016-06-24,0.0006947820210331625
2016-06-25,0.0006888538467922651
2016-06-26,0.0006847041248236371
2016-06-27,0.0006841113073995473
2016-06-28,0.0007952645744163716
2016-06-29,0.0007964502092645508
2016-06-30,0.0007608811638191671
2016-07-01,0.0007994142963849995
2016-07-02,0.0007733303297250511
2016-07-03,0.0007460607282169236
2016-07-04,0.0008708487959878117
2016-07-05,0.0007733303297250511
2016-07-06,0.0007709590600286924
2016-07-07,0.0007433930498085203
2016-07-08,0.0007780728691177694
2016-07-09,0.0007674021554841546
2016-07-10,0.0007659201119239296
2016-07-11,0.000724422892237649
2016-07-12,0.0006698836892213935
2016-07-13,0.0006879646206561303
2016-07-14,0.000680257994142964
2016-07-15,0.0006971532907295212
2016-07-16,0.0007356864232953536
2016-07-17,0.0007256085270858281
2016-07-18,0.0007090096392113154
2016-07-19,0.0006861861683838612
2016-07-20,0.0006832220812634127
2016-07-21,0.0006894466642163547
2016-07-22,0.0006559524797552852
2016-07-23,0.0006601022017239133
2016-07-24,0.0006509135316505224
2016-07-25,0.0006390571831687277
2016-07-26,0.0005655478225816014
2016-07-27,0.0005569519699323002
2016-07-28,0.0005584340134925246
2016-07-29,0.0005990420070426711
2016-07-30,0.0006020060941631196
2016-07-31,0.0005498381608432237
2016-08-01,0.0005382782210734741
2016-08-02,0.00047425393927178297
2016-08-03,0.000461211955941809
2016-08-04,0.0005116014369894362
2016-08-05,0.0006986353342897454
2016-08-06,0.0006660303759648105
2016-08-07,0.000618901390749677
2016-08-08,0.0005741436752309025
2016-08-09,0.000614455260069004
2016-08-10,0.0006236439301423949
2016-08-11,0.0006221618865821705
2016-08-12,0.0006025989115872093
2016-08-13,0.0005934102415138187
2016-08-14,0.000564362187733422
2016-08-15,0.0005794790320477101
2016-08-16,0.000607637859691972
2016-08-17,0.0005984491896185815
2016-08-18,0.0006023025028751646
2016-08-19,0.0006014132767390298
2016-08-20,0.0005999312331788056
2016-08-21,0.000581553893032024
2016-08-22,0.0005661406400056912
2016-08-23,0.0005717724055345436
2016-08-24,0.000581553893032024
2016-08-25,0.0005895569282572354
2016-08-26,0.0005750329013670371
2016-08-27,0.0005587304222045696
2016-08-28,0.0005551735176600313
2016-08-29,0.0006049701812835685
2016-08-30,0.0005738472665188577
2016-08-31,0.0005696975445502294
2016-09-01,0.0005613981006129735
2016-09-02,0.0005572483786443452
2016-09-03,0.0005554699263720759
2016-09-04,0.0005525058392516274
2016-09-05,0.0005459848475866402
2016-09-06,0.000540056673345743
2016-09-07,0.0005341284991048458
2016-09-08,0.0005370925862252945
2016-09-09,0.0005273110987278138
2016-09-10,0.0005276075074398588
2016-09-11,0.0005193080635026025
2016-09-12,0.00053561054266507
2016-09-13,0.0005323500468325765
2016-09-14,0.0005545807002359415
2016-09-15,0.0012487699038450139
2016-09-16,0.0009947476376225648
2016-09-17,0.0008678847088673634
2016-09-18,0.0008189772713799604
2016-09-19,0.0008204593149401846
2016-09-20,0.0007988214789609095
2016-09-21,0.0008118634622908839
2016-09-22,0.0008160131842595121
2016-09-23,0.0009250915902920217
2016-09-24,0.0009698493058107964
2016-09-25,0.0011159788008489146
2016-09-26,0.00114799094174976
2016-09-27,0.0012268356591536942
2016-09-28,0.001469594394318438
2016-09-29,0.001429875626904426
2016-09-30,0.0014049772950926573
2016-10-01,0.0012197218500646172
2016-10-02,0.0012078655015828228
2016-10-03,0.0011853384394674132
2016-10-04,0.001115385983424825
2016-10-05,0.0009914871417900715
2016-10-06,0.0009757774800516939
2016-10-07,0.0009742954364914693
2016-10-08,0.0009544360527844633
2016-10-09,0.0010234992826909177
2016-10-10,0.0011524370724304333
2016-10-11,0.0012283177027139183
2016-10-12,0.0011438412197811317
2016-10-13,0.0011536227072786124
2016-10-14,0.0013863035462338314
2016-10-15,0.00120223373605397
2016-10-16,0.0011820779436349195
2016-10-17,0.0011678503254567655
2016-10-18,0.0012627011133111224
2016-10-19,0.0013448063265475499
2016-10-20,0.001482636377648412
2016-10-21,0.0014639626287895856
2016-10-22,0.001447067332203028
2016-10-23,0.0015899363314086533
2016-10-24,0.0014746333424232008
2016-10-25,0.0014230582265273941
2016-10-26,0.0014064593386528814
2016-10-27,0.0013015306545890002
2016-10-28,0.0012013445099178358
2016-10-29,0.001079520529267396
2016-10-30,0.001163107786064048
2016-10-31,0.0012170541716562135
2016-11-01,0.001189191752723996
2016-11-02,0.00122476079816938
2016-11-03,0.0011651826470483618
2016-11-04,0.0012054942318864637
2016-11-05,0.0012271320678657388
2016-11-06,0.001216164945520079
2016-11-07,0.0011909702049962656
2016-11-08,0.0012200182587766622
2016-11-09,0.0011823743523469645
2016-11-10,0.0011992696489335213
2016-11-11,0.0011782246303783366
2016-11-12,0.0011720000474253938
2016-11-13,0.0012351351030909499
2016-11-14,0.0011880061178758169
2016-11-15,0.0011236854273620816
2016-11-16,0.0011121254875923314
2016-11-17,0.0010780384857071714
2016-11-18,0.00109315533002146
2016-11-19,0.001099379912974402
2016-11-20,0.0010555114235917627
2016-11-21,0.0010303166830679489
2016-11-22,0.000991190733078027
2016-11-23,0.0008806302834852924
2016-11-24,0.000847728916448312
2016-11-25,0.0008335012982701585
2016-11-26,0.000978148749748053
2016-11-27,0.0008844835967418752
2016-11-28,0.0008649206217469143
2016-11-29,0.0007973394354006853
2016-11-30,0.0007804441388141285
2016-12-01,0.0007742195558611857
2016-12-02,0.0007617703899553013
2016-12-03,0.0007404289626880712
2016-12-04,0.0007223480312533346
2016-12-05,0.0006947820210331625
2016-12-06,0.0007602883463950771
2016-12-07,0.0008183844539558708
2016-12-08,0.0008913009971189072
2016-12-09,0.000902564528176612
2016-12-10,0.0008080101490343006
2016-12-11,0.0007866687217670701
2016-12-12,0.0007967466179765958
2016-12-13,0.0007759980081334548
2016-12-14,0.0007751087819973207
2016-12-15,0.0007623632073793917
2016-12-16,0.0007765908255575448
2016-12-17,0.0007264977532219629
2016-12-18,0.0007362792407194431
2016-12-19,0.0007276833880701424
2016-12-20,0.0007143449960281233
2016-12-21,0.0006980425168656558
2016-12-22,0.000673737002477977
2016-12-23,0.0006509135316505224
2016-12-24,0.000669587280509349
2016-12-25,0.000697746108153611
2016-12-26,0.000662769880132317
2016-12-27,0.0006251259737026192
2016-12-28,0.0006174193471894527
2016-12-29,0.0006672160108129898
2016-12-30,0.0006924107513368034
2016-12-31,0.0006992281517138352
2017-01-01,0.0006752190460382014
2017-01-02,0.0006583237494516439
2017-01-03,0.0006805544028550088
2017-01-04,0.000735093605871264
2017-01-05,0.0006257187911267088
2017-01-06,0.0006595093842998233
2017-01-07,0.0006746262286141114
2017-01-08,0.0006352038699121445
2017-01-09,0.0006156408949171833
2017-01-10,0.000773033921013007
2017-01-11,0.0006879646206561303
2017-01-12,0.000691521525200669
2017-01-13,0.0007428002323844303
2017-01-14,0.0008219413585004091
2017-01-15,0.0007813333649502627
2017-01-16,0.000799710705097044
2017-01-17,0.0008032676096415827
2017-01-18,0.0007762944168455002
2017-01-19,0.0008726272482600813
2017-01-20,0.0007662165206359746
2017-01-21,0.0007754051907093657
2017-01-22,0.0007774800516936794
2017-01-23,0.0007727375123009615
2017-01-24,0.0007262013445099181
2017-01-25,0.0007181983092847065
2017-01-26,0.0007706626513166478
2017-01-27,0.0006891502555043101
2017-01-28,0.0006675124195250348
2017-01-29,0.0006852969422477266
2017-01-30,0.0006790723592947846
2017-01-31,0.0006592129755877787
2017-02-01,0.0007262013445099181
2017-02-02,0.0007051563259547326
2017-02-03,0.0007066383695149567
2017-02-04,0.0007119737263317646
2017-02-05,0.0006971532907295212
2017-02-06,0.0006995245604258802
2017-02-07,0.0006867789858079508
2017-02-08,0.0006959676558813415
2017-02-09,0.0006769974983104705
2017-02-10,0.0006518027577866571
2017-02-11,0.0006648447411166311
2017-02-12,0.0006458745835457595
2017-02-13,0.0006405392267289519
2017-02-14,0.0006485422619541634
2017-02-15,0.0006097127206762861
2017-02-16,0.0005741436752309025
2017-02-17,0.000546874073722775
2017-02-18,0.00043838848511435456
2017-02-19,0.0005299787771362178
2017-02-20,0.0005284967335759932
2017-02-21,0.000516343976382154
2017-02-22,0.0005246434203194101
2017-02-23,0.0005350177252409804
2017-02-24,0.00047751443510427646
2017-02-25,0.0004668437214706614
2017-02-26,0.00046862217374293055
2017-02-27,0.0004502448335961492
2017-02-28,0.0004286069976168741
2017-03-01,0.00039066668247513133
2017-03-02,0.0005634729615972872
2017-03-03,0.0006666231933889002
2017-03-04,0.0006547668449071056
2017-03-05,0.0006043773638594787
2017-03-06,0.0005830359365922484
2017-03-07,0.000724422892237649
2017-03-08,0.0007170126744365272
2017-03-09,0.0007137521786040337
2017-03-10,0.0006334254176398753
2017-03-11,0.000636685913472369
2017-03-12,0.0006417248615771317
2017-03-13,0.000680257994142964
2017-03-14,0.0006790723592947846
2017-03-15,0.0006592129755877787
2017-03-16,0.0006829256725513675
2017-03-17,0.0006005240506028954
2017-03-18,0.0007765908255575448
2017-03-19,0.0008364653853906077
2017-03-20,0.000855139134249434
2017-03-21,0.0008355761592544731
2017-03-22,0.0009517683743760596
2017-03-23,0.0019242853585952598
2017-03-24,0.0019053152010243893
2017-03-25,0.0014897501867374885
2017-03-26,0.0016169095242047357
2017-03-27,0.0016323227772310684
2017-03-28,0.0016077208541313446
2017-03-29,0.0017817127681016803
2017-03-30,0.002722810428844125
2017-03-31,0.004979369953641678
2017-04-01,0.005276667891822677
2017-04-02,0.016915748787688374
2017-04-03,0.008575993265594065
2017-04-04,0.009889676677376903
2017-04-05,0.009323239628659167
2017-04-06,0.008469878946682002
2017-04-07,0.009553252789205982
2017-04-08,0.009413644285832851
2017-04-09,0.008871512751502794
2017-04-10,0.008746428275019862
2017-04-11,0.008554948247038877
2017-04-12,0.00896517790450897
2017-04-13,0.008979109113975078
2017-04-14,0.008800078251899983
2017-04-15,0.008852246185219877
2017-04-16,0.008706116690181759
2017-04-17,0.008763323571606418
2017-04-18,0.008623715068233286
2017-04-19,0.0077312284362662
2017-04-20,0.007675207189689719
2017-04-21,0.008503669539855117
2017-04-22,0.008204593149401848
2017-04-23,0.008058760063075775
2017-04-24,0.008090179386552529
2017-04-25,0.00837532456753969
2017-04-26,0.008509004896671925
2017-04-27,0.009107454086290505
2017-04-28,0.011970465835931851
2017-04-29,0.014458224156124397
2017-04-30,0.01408445277023583
2017-05-01,0.01512425453208921
2017-05-02,0.014766489216651059
2017-05-03,0.016717451359330355
2017-05-04,0.022178485470044938
2017-05-05,0.026517019788245617
2017-05-06,0.0289594275754953
2017-05-07,0.04080747661335263
2017-05-08,0.05753945199957318
2017-05-09,0.04623501653960614
2017-05-10,0.053939271783076254
2017-05-11,0.05307049784807276
2017-05-12,0.05986803884139763
2017-05-13,0.06247939959451289
2017-05-14,0.06406370416039268
2017-05-15,0.0790314548925222
2017-05-16,0.10248953677246483
2017-05-17,0.11561184686340303
2017-05-18,0.10693803872283415
2017-05-19,0.09595076058475512
2017-05-20,0.10301506941892037
2017-05-21,0.09844059376593199
2017-05-22,0.09303202399724934
2017-05-23,0.09463678076426023
2017-05-24,0.08649206217469144
2017-05-25,0.07172349809705608
2017-05-26,0.07935394757122702
2017-05-27,0.06178906370416039
2017-05-28,0.06682949385248332
2017-05-29,0.06757525817198819
2017-05-30,0.059647510759636244
2017-05-31,0.07187911267087962
2017-06-01,0.09768653000248985
2017-06-02,0.08873231922032652
2017-06-03,0.08610376676191268
2017-06-04,0.0875363100672255
2017-06-05,0.08593273893506279
2017-06-06,0.0831301945626786
2017-06-07,0.08171780704978482
2017-06-08,0.08465077125546876
2017-06-09,0.0835662117780966
2017-06-10,0.07611301471372847
2017-06-11,0.0796358322563817
2017-06-12,0.07406483051349845
2017-06-13,0.07767775630461332
2017-06-14,0.08132180501049288
2017-06-15,0.07563638950476033
2017-06-16,0.07646692671591003
2017-06-17,0.07832926265368792
2017-06-18,0.08314560781570493
2017-06-19,0.08654482292543543
2017-06-20,0.09495067759031575
2017-06-21,0.08663315272162479
2017-06-22,0.0870724304328753
2017-06-23,0.09363195523042815
2017-06-24,0.09100340277201428
2017-06-25,0.08724286544230109
2017-06-26,0.08097826731323289
2017-06-27,0.08068719395800482
2017-06-28,0.08191699370427896
2017-06-29,0.07746078512739647
2017-06-30,0.07672243102569272
2017-07-01,0.07429602930889347
2017-07-02,0.07569063229906453
2017-07-03,0.07584180074220742
2017-07-04,0.07428565500397188
2017-07-05,0.07482334040762127
2017-07-06,0.07426549921155283
2017-07-07,0.06977164672824065
2017-07-08,0.06877986317773853
2017-07-09,0.06797422429840058
2017-07-10,0.0590075643503314
2017-07-11,0.05362893186156528
2017-07-12,0.0596564030209976
2017-07-13,0.05830922542475368
2017-07-14,0.05533328195582325
2017-07-15,0.049351754146757895
2017-07-16,0.04267277663825096
2017-07-17,0.05151553774468541
2017-07-18,0.05472534768741924
2017-07-19,0.04869935857154714
2017-07-20,0.05459996680222426
2017-07-21,0.05291429045682511
2017-07-22,0.056089420580249696
2017-07-23,0.056604578921783666
2017-07-24,0.05569875389777457
2017-07-25,0.05157926561777504
2017-07-26,0.05031004351279894
2017-07-27,0.05020185433290256
2017-07-28,0.04797286081832518
2017-07-29,0.04913893269150968
2017-07-30,0.04771943136952682
2017-07-31,0.04840235704207818
2017-08-01,0.05126774006141589
2017-08-02,0.050099889735959136
2017-08-03,0.05054420639531437
2017-08-04,0.050286627224547395
2017-08-05,0.05354534460476863
2017-08-06,0.05227286200396003
2017-08-07,0.05185107240672018
2017-08-08,0.05587185658560877
2017-08-09,0.05301477301020832
2017-08-10,0.052259523611918005
2017-08-11,0.05193584529836502
2017-08-12,0.050319232182872334
2017-08-13,0.04861162159278187
2017-08-14,0.04917450173695506
2017-08-15,0.046574997332321594
2017-08-16,0.04634083444980615
2017-08-17,0.04547146769737857
2017-08-18,0.04588199376356071
2017-08-19,0.044747934031277053
2017-08-20,0.04583812527417806
2017-08-21,0.0556738555659628
2017-08-22,0.06971414343810395
2017-08-23,0.07194936153563426
2017-08-24,0.06368874713965593
2017-08-25,0.06335380529504524
2017-08-26,0.06179736314809765
2017-08-27,0.05895717486928377
2017-08-28,0.06533381549150492
2017-08-29,0.06357196210711025
2017-08-30,0.06637065316623786
2017-08-31,0.07455864742776522
2017-09-01,0.07243902872793238
2017-09-02,0.06597435471823389
2017-09-03,0.06660926217943398
2017-09-04,0.059541989258148284
2017-09-05,0.06257158270395884
2017-09-06,0.06583118931031623
2017-09-07,0.06507653272944999
2017-09-08,0.06148346632204214
2017-09-09,0.061032035853597816
2017-09-10,0.06193193270336603
2017-09-11,0.062349868987349275
2017-09-12,0.06082692102486277
2017-09-13,0.058300036754680304
2017-09-14,0.04744821739800577
2017-09-15,0.05254377956676903
2017-09-16,0.05186915333815492
2017-09-17,0.051664927735556004
2017-09-18,0.05503657683506635
2017-09-19,0.05333904414118541
2017-09-20,0.05275719383944133
2017-09-21,0.049697070296290155
2017-09-22,0.05021756399464093
2017-09-23,0.05151346288370108
2017-09-24,0.05089248663196709
2017-09-25,0.05258201629062281
2017-09-26,0.05395498144481463
2017-09-27,0.0590472831177454
2017-09-28,0.05692262546980782
2017-09-29,0.056174193471894535
2017-09-30,0.057337004849246545
2017-10-01,0.06000557248378646
2017-10-02,0.05886262049014146
2017-10-03,0.05905291488327426
2017-10-04,0.062448573088460205
2017-10-05,0.06904129566176209
2017-10-06,0.06815888692600454
2017-10-07,0.0695137711487616
2017-10-08,0.08176552885242405
2017-10-09,0.0734308122784345
2017-10-10,0.07607122108533014
2017-10-11,0.07716971177216841
2017-10-12,0.07241976216164946
2017-10-13,0.07599889735959119
2017-10-14,0.07505957815112102
2017-10-15,0.07703454939947595
2017-10-16,0.07473708547241621
2017-10-17,0.06757347971971593
2017-10-18,0.06355892012378028
2017-10-19,0.0625600227641891
2017-10-20,0.06119624628007067
2017-10-21,0.061334669148595616
2017-10-22,0.05930752996692079
2017-10-23,0.05715886321330757
2017-10-24,0.06003877025953548
2017-10-25,0.05943409648696396
2017-10-26,0.05914480158400817
2017-10-27,0.05889492903975434
2017-10-28,0.05861334076331172
2017-10-29,0.05889492903975434
2017-10-30,0.05887299479506303
2017-10-31,0.058234826838030426
2017-11-01,0.056327733184733775
2017-11-02,0.05980668223800435
2017-11-03,0.060480122831770275
2017-11-04,0.059180963446877635
2017-11-05,0.05867855067996158
2017-11-06,0.05984491896185813
2017-11-07,0.06113844658122192
2017-11-08,0.0632379094886357
2017-11-09,0.06325302633294999
2017-11-10,0.05999104845689625
2017-11-11,0.061160973643337335
2017-11-12,0.05728068719395801
2017-11-13,0.05908966956356783
2017-11-14,0.0609816463725502
2017-11-15,0.061909702049962656
2017-11-16,0.06610418173410954
2017-11-17,0.06594827075157393
2017-11-18,0.06655472297641772
2017-11-19,0.06726284338949291
2017-11-20,0.06955793604685631
2017-11-21,0.06793124503515408
2017-11-22,0.06958757691806079
2017-11-23,0.07063775298483574
2017-11-24,0.07130170849981624
2017-11-25,0.07359917242687597
2017-11-26,0.07253951128131558
2017-11-27,0.0740538633911528
2017-11-28,0.08745894739338178
2017-11-29,0.07083397555220942
2017-11-30,0.07315011322812802
2017-12-01,0.07457909962889629
2017-12-02,0.07451774302550301
2017-12-03,0.07364807986436338
2017-12-04,0.07394834188966483
2017-12-05,0.0717341688106897
2017-12-06,0.06771575590149746
2017-12-07,0.06483436681170933
2017-12-08,0.07351973489204795
2017-12-09,0.07132127147481118
2017-12-10,0.06913525722348031
2017-12-11,0.07339109351102048
2017-12-12,0.10950849507368722
2017-12-13,0.1384148654897265
2017-12-14,0.2549627710657672
2017-12-15,0.22292632465053416
2017-12-16,0.22365578649087658
2017-12-17,0.21468171632500624
2017-12-18,0.2295143046844433
2017-12-19,0.23332315663421982
2017-12-20,0.2287901782009177
2017-12-21,0.3524210663599825
2017-12-22,0.33618379711416485
2017-12-23,0.3468722952705026
2017-12-24,0.30822356330697276
2017-12-25,0.3314531140699288
2017-12-26,0.3513628872579823
2017-12-27,0.4136531780942106
2017-12-28,0.42291298625849216
2017-12-29,0.6552144220622933
2017-12-30,0.6387400258468398
2017-12-31,0.6806966790367903
2018-01-01,0.7075098111283686
2018-01-02,0.7341480620798407
2018-01-03,0.9192464104904973
2018-01-04,0.9462966695517115
2018-01-05,0.9024518928660351
2018-01-06,0.9158673511731859
2018-01-07,1.0
2018-01-08,0.726829730979453
2018-01-09,0.6217735911693916
2018-01-10,0.5841711819593802
2018-01-11,0.5770218038248581
2018-01-12,0.6044188610791649
2018-01-13,0.5979334384596232
2018-01-14,0.5504606191385177
2018-01-15,0.49578506811472206
2018-01-16,0.3483246979595225
2018-01-17,0.38599824526042475
2018-01-18,0.4720279098443262
2018-01-19,0.4588288298969684
2018-01-20,0.4667044093760005
2018-01-21,0.40784356733813126
2018-01-22,0.4011180536618333
2018-01-23,0.39510688498156343
2018-01-24,0.40105877191942435
2018-01-25,0.38774409257436904
2018-01-26,0.3595971212785887
2018-01-27,0.3601425133087513
2018-01-28,0.4136413217457288
2018-01-29,0.39122393085377577
2018-01-30,0.3362667915535374
2018-01-31,0.34333021116156653
2018-02-01,0.28408996597227987
2018-02-02,0.2610453742456399
2018-02-03,0.2726820838718092
2018-02-04,0.24056916400886857
2018-02-05,0.2038429389516617
2018-02-06,0.22891733753838497
2018-02-07,0.21335647297345367
2018-02-08,0.23747465705512022
2018-02-09,0.2816884625872924
2018-02-10,0.3161643527026547
2018-02-11,0.2964294606547076
2018-02-12,0.3192084701753555
2018-02-13,0.3033209632097507
2018-02-14,0.33717380221239474
2018-02-15,0.33872698386350975
2018-02-16,0.33610969493615356
2018-02-17,0.3559542582075573
2018-02-18,0.3309017938655254
2018-02-19,0.3380037466061203
2018-02-20,0.32171312379213457
2018-02-21,0.29975813049097144
2018-02-22,0.27794185646704533
2018-02-23,0.2948570124373096
2018-02-24,0.2816807559607793
2018-02-25,0.27844545486880956
2018-02-26,0.2824090321662735
2018-02-27,0.2795771433313968
2018-02-28,0.26691397033541614
2018-03-01,0.2739578269684503
2018-03-02,0.26856229918309765
2018-03-03,0.26786870279691266
2018-03-04,0.2968385046773295
2018-03-05,0.28315272162479405
2018-03-06,0.2723394354006854
2018-03-07,0.25702192238834287
2018-03-08,0.24357889807097213
2018-03-09,0.2506642519236926
2018-03-10,0.2349148714179008
2018-03-11,0.24513948993988832
2018-03-12,0.2362252943338511
2018-03-13,0.23286490876539845
2018-03-14,0.206837556169451
2018-03-15,0.20546429460654708
2018-03-16,0.2030903572317798
2018-03-17,0.18785376379782562
2018-03-18,0.1940549304625162
2018-03-19,0.2208215263863036
2018-03-20,0.20918096344687767
2018-03-21,0.2043957411996254
2018-03-22,0.19523048741448615
2018-03-23,0.18943006532848017
2018-03-24,0.1888642210971865
2018-03-25,0.1890450304115339
2018-03-26,0.17647374411628708
2018-03-27,0.17008732200656845
2018-03-28,0.17011251674709227
2018-03-29,0.15040400507451715
2018-03-30,0.14982719372087785
2018-03-31,0.15065358121005895
2018-04-01,0.14256992281517142
2018-04-02,0.14719597358405562
2018-04-03,0.16419679167210086
2018-04-04,0.14747548699951393
2018-04-05,0.1457474242082924
2018-04-06,0.14000598745598336
2018-04-07,0.1433957174869284
2018-04-08,0.1471100150575626
2018-04-09,0.14457779543056334
2018-04-10,0.14460032249267876
2018-04-11,0.15870196696821318
2018-04-12,0.18515081275268847
2018-04-13,0.18792223421030793
2018-04-14,0.1861725335831071
2018-04-15,0.20109671223456602
2018-04-16,0.19539469784095898
2018-04-17,0.19350835279750545
2018-04-18,0.20892130941512638
2018-04-19,0.2335362744981801
2018-04-20,0.27280716834829216
2018-04-21,0.25758302408024386
2018-04-22,0.2566617858032084
2018-04-23,0.2586364606428513
2018-04-24,0.27586492062174695
2018-04-25,0.2360945780918393
2018-04-26,0.2514506242367476
2018-04-27,0.24003029297037104
2018-04-28,0.25482671946693863
2018-04-29,0.2574866912488292
2018-04-30,0.24715981172118615
2018-05-01,0.24818805354326978
2018-05-02,0.2534306344332073
2018-05-03,0.2609511162752096
2018-05-04,0.26420449829861403
2018-05-05,0.2670681028656795
2018-05-06,0.25708535385272047
2018-05-07,0.2455897347734845
2018-05-08,0.24005548771089483
2018-05-09,0.23652022100233577
2018-05-10,0.2235357409624984
2018-05-11,0.20181224286544233
2018-05-12,0.20530601235431514
2018-05-13,0.21983389255777008
2018-05-14,0.2183963103043525
2018-05-15,0.2058552576977343
2018-05-16,0.2104475178734454
2018-05-17,0.19658418600239505
2018-05-18,0.20043275671958552
2018-05-19,0.19937131712175288
2018-05-20,0.20634611052488058
2018-05-21,0.20081601318425954
2018-05-22,0.19013937137640352
2018-05-23,0.17651257365756495
2018-05-24,0.18611710515395474
2018-05-25,0.17989370783586076
2018-05-26,0.18039967750732133
2018-05-27,0.17896891265428078
2018-05-28,0.1624939236214031
2018-05-29,0.17700075880630287
2018-05-30,0.1783571250726202
2018-05-31,0.18037418635808547
2018-06-01,0.1835582087428714
2018-06-02,0.1895121705417166
2018-06-03,0.19773869793580978
2018-06-04,0.194839820732011
2018-06-05,0.1994608325527904
2018-06-06,0.19880339802947491
2018-06-07,0.19979073544929635
2018-06-08,0.19866882847420655
2018-06-09,0.19434481818289606
2018-06-10,0.1731133585478345
2018-06-11,0.1778381134178296
2018-06-12,0.1656459338652882
2018-06-13,0.1572664595757799
2018-06-14,0.16516367689079123
2018-06-15,0.15816872769524443
2018-06-16,0.15730232502993732
2018-06-17,0.15535551260922664
2018-06-18,0.15810588904829093
2018-06-19,0.16170014109054698
2018-06-20,0.15863675705156327
2018-06-21,0.1572996573515289
2018-06-22,0.14312302147184713
2018-06-23,0.14440854605598571
2018-06-24,0.14028727932371393
2018-06-25,0.1415834746214861
2018-06-26,0.1339503574689068
2018-06-27,0.1382094542522794
2018-06-28,0.13171454655395234
2018-06-29,0.13308454762102373
2018-06-30,0.13698676831509435
2018-07-01,0.1355382189393311
2018-07-02,0.1428784842844101
2018-07-03,0.14261201285228178
2018-07-04,0.14404070284433804
2018-07-05,0.14154553430634437
2018-07-06,0.1408122191527454
2018-07-07,0.14476216164945527
2018-07-08,0.14039665413845845
2018-07-09,0.13936544822925437
2018-07-10,0.1307020143936071
2018-07-11,0.13224067201783196
2018-07-12,0.1278333708784369
2018-07-13,0.1288343430990124
2018-07-14,0.12899143971639618
2018-07-15,0.1309545546162693
2018-07-16,0.14207195617893606
2018-07-17,0.1486480798643634
2018-07-18,0.1429576254105261
2018-07-19,0.14000658027340743
2018-07-20,0.13128060419951865
2018-07-21,0.13377517992008825
2018-07-22,0.1319673831853266
2018-07-23,0.13077137403222558
2018-07-24,0.1344311323998435
2018-07-25,0.1350850100186145
2018-07-26,0.13214789609096192
2018-07-27,0.1332490544562086
2018-07-28,0.13325853953499403
2018-07-29,0.13315153598994586
2018-07-30,0.13101768967193486
2018-07-31,0.12779217006746263
2018-08-01,0.13094210545036344
2018-08-02,0.12631872235988761
2018-08-03,0.1293767710420545
2018-08-04,0.12580089633994523
2018-08-05,0.12732176944144746
2018-08-06,0.12152490425998604
2018-08-07,0.11172118610910213
2018-08-08,0.09717878187875699
2018-08-09,0.1015736338522462
2018-08-10,0.09376474633342426
2018-08-11,0.08808436977579645
2018-08-12,0.08707895142454027
2018-08-13,0.08103102806397686
2018-08-14,0.08008429863770555
2018-08-15,0.08237642720794851
2018-08-16,0.0854682664832885
2018-08-17,0.10747364926549922
2018-08-18,0.09574297807761167
2018-08-19,0.1007457643195049
2018-08-20,0.09342595117555695
2018-08-21,0.09813707124479804
2018-08-22,0.09358008370582029
2018-08-23,0.095923490983247
2018-08-24,0.09589296088590638
2018-08-25,0.09607791992222237
2018-08-26,0.09475771551877454
2018-08-27,0.09864867268178748
2018-08-28,0.10307524038746549
2018-08-29,0.10099030150694191
2018-08-30,0.09821621237091402
2018-08-31,0.098183014595165
2018-09-01,0.10185522212868882
2018-09-02,0.10031448964347962
2018-09-03,0.09836945567504121
2018-09-04,0.0970922305348399
2018-09-05,0.08284949551237213
2018-09-06,0.08851356959083742
2018-09-07,0.08517156136253158
2018-09-08,0.08158442312936462
2018-09-09,0.08139086824039934
2018-09-10,0.0789131878164163
2018-09-11,0.07695362982108771
2018-09-12,0.0788438281777978
2018-09-13,0.0819549340194207
2018-09-14,0.08094003058937908
2018-09-15,0.08237731643408464
2018-09-16,0.08212774029854285
2018-09-17,0.0794852566306629
2018-09-18,0.09418979642649657
2018-09-19,0.0954326381561007
2018-09-20,0.13214730327353785
2018-09-21,0.1652099166498702
2018-09-22,0.16797718838552103
2018-09-23,0.16794487983590817
2018-09-24,0.1454246351208755
2018-09-25,0.15497759150136944
2018-09-26,0.1518258776661964
2018-09-27,0.1592577333032973
2018-09-28,0.1585851819356675
2018-09-29,0.16810464413170034
2018-09-30,0.17117069584909242
2018-10-01,0.16965575092183113
2018-10-02,0.1531683127230476
2018-10-03,0.15533950653877623
2018-10-04,0.15487829458283442
2018-10-05,0.15263151654553433
2018-10-06,0.14345944536001803
2018-10-07,0.14166824751313098
2018-10-08,0.14395415150042096
2018-10-09,0.14102148370344902
2018-10-10,0.13584322350402525
2018-10-11,0.11235075821348543
2018-10-12,0.12301702571641986
2018-10-13,0.12294677685166523
2018-10-14,0.11832517221346173
2018-10-15,0.1313760478047971
2018-10-16,0.13817477443297016
2018-10-17,0.13756535812100593
2018-10-18,0.1344613660884721
2018-10-19,0.13341000438684897
2018-10-20,0.13488404491184808
2018-10-21,0.13415576870635382
2018-10-22,0.13309314347367301
2018-10-23,0.13574570503776248
2018-10-24,0.1343167186369942
2018-10-25,0.13455829173731082
2018-10-26,0.13492465290539823
2018-10-27,0.13405321129198633
2018-10-28,0.13584885526955412
2018-10-29,0.12965628445751282
2018-10-30,0.13061813072809839
2018-10-31,0.13169201949183693
2018-11-01,0.13386765943824624
2018-11-02,0.13474591845203518
2018-11-03,0.13385135695908376
2018-11-04,0.1359333317524869
2018-11-05,0.14622493864339664
2018-11-06,0.1615397839773307
2018-11-07,0.1575759102711547
2018-11-08,0.14506775903157348
2018-11-09,0.14719004540981473
2018-11-10,0.14897738994344525
2018-11-11,0.14874470910449006
2018-11-12,0.15207989993241885
2018-11-13,0.1499893292863664
2018-11-14,0.13939568191788296
2018-11-15,0.1415701362294441
2018-11-16,0.138576704646503
2018-11-17,0.1445182172794423
2018-11-18,0.1500963328314146
2018-11-19,0.14052025657138117
2018-11-20,0.12764426212015226
2018-11-21,0.13147534472333214
2018-11-22,0.12508151239581236
2018-11-23,0.11955289709875154
2018-11-24,0.11004054871180775
2018-11-25,0.10980786787285254
2018-11-26,0.10414646147279562
2018-11-27,0.10554313932395103
2018-11-28,0.11455218571784265
2018-11-29,0.11129317192890935
2018-11-30,0.10622250809195787
2018-12-01,0.10932027554153874
2018-12-02,0.10775553395065389
2018-12-03,0.10216141232823117
2018-12-04,0.10319202542001116
2018-12-05,0.09904556394721555
2018-12-06,0.09095182765611848
2018-12-07,0.08830223017914943
2018-12-08,0.08986489690904996
2018-12-09,0.09167328646123567
2018-12-10,0.08882657719075679
2018-12-11,0.08810897169889617
2018-12-12,0.08988090297950038
2018-12-13,0.08771800860770901
2018-12-14,0.08438756031917291
2018-12-15,0.08352590019325849
2018-12-16,0.08413235241810228
2018-12-17,0.09614401906500837
2018-12-18,0.10257875579479032
2018-12-19,0.10311051302419881
2018-12-20,0.11088916685439218
2018-12-21,0.10507096024566355
2018-12-22,0.10617893601128726
2018-12-23,0.10883535088863333
2018-12-24,0.11936645601887531
2018-12-25,0.11168146734168811
2018-12-26,0.11103559275814236
2018-12-27,0.09991107738638653
2018-12-28,0.11048990431926776
2018-12-29,0.10764438068363708
2018-12-30,0.10833471657398955
2018-12-31,0.10333281955823247
2019-01-01,0.10690899066905377
2019-01-02,0.11001298270158757
2019-01-03,0.10556122025538575
2019-01-04,0.10453060716360575
2019-01-05,0.10409429353947573
2019-01-06,0.10798317584150434
2019-01-07,0.10678331337514672
2019-01-08,0.10707023700840616
2019-01-09,0.10872271557805628
2019-01-10,0.09738863924688476
2019-01-11,0.09746333424232005
2019-01-12,0.09624687288808793
2019-01-13,0.09300505080445326
2019-01-14,0.09771883855210274
2019-01-15,0.0957663943658632
2019-01-16,0.09651393713764037
2019-01-17,0.09641078690584876
2019-01-18,0.09490621628350901
2019-01-19,0.0968992684632987
2019-01-20,0.09398734927616993
2019-01-21,0.09387263910460858
2019-01-22,0.09348760418766229
2019-01-23,0.09259867446023974
2019-01-24,0.09292650249576136
2019-01-25,0.09279815752344595
2019-01-26,0.09192967999715448
2019-01-27,0.09050810381418731
2019-01-28,0.08618765042742137
2019-01-29,0.08461520221002336
2019-01-30,0.09377512063834581
2019-01-31,0.09068505981527811
2019-02-01,0.09023481498168194
2019-02-02,0.09094471384702939
2019-02-03,0.08840745527192537
2019-02-04,0.08776899090618073
2019-02-05,0.08748473495132969
2019-02-06,0.08496170399440382
2019-02-07,0.08522580415683578
2019-02-08,0.09117324496401599
2019-02-09,0.09105497788791009
2019-02-10,0.0906474159088484
2019-02-11,0.08852275826091081
2019-02-12,0.0892486631967087
2019-02-13,0.08898011690359604
2019-02-14,0.0882761462124895
2019-02-15,0.08823168490568276
2019-02-16,0.08821508601780824
2019-02-17,0.08870919934078703
2019-02-18,0.09410324508257947
2019-02-19,0.09475534424907818
2019-02-20,0.09745622043323099
2019-02-21,0.09402113986934305
2019-02-22,0.09420283840982656
2019-02-23,0.09737915416809931
2019-02-24,0.08813801975267657
2019-02-25,0.09616091436159492
2019-02-26,0.09348345446569367
2019-02-27,0.09159503456125584
2019-02-28,0.09217955254140832
2019-03-01,0.09284172960411653
2019-03-02,0.09219378015958647
2019-03-03,0.09143141695220706
2019-03-04,0.08923176790012212
2019-03-05,0.09260312059092043
2019-03-06,0.09275843875603193
2019-03-07,0.09208707302325031
2019-03-08,0.09070017665959239
2019-03-09,0.09180844883392815
2019-03-10,0.09159533096996789
2019-03-11,0.09099006437997227
2019-03-12,0.0907339672527655
2019-03-13,0.09188907200360434
2019-03-14,0.09155027684573708
2019-03-15,0.09217184591489513
2019-03-16,0.09377719549933011
2019-03-17,0.09293065221772999
2019-03-18,0.09287966991925828
2019-03-19,0.09342535835813287
2019-03-20,0.09352287682439564
2019-03-21,0.09148002798098243
2019-03-22,0.09113115492690563
2019-03-23,0.09137361725335832
2019-03-24,0.09037560911990326
2019-03-25,0.08891223930853777
2019-03-26,0.08921013006414286
2019-03-27,0.09140503657683507
2019-03-28,0.09045089693276266
2019-03-29,0.09006052665899958
2019-03-30,0.09086171940765685
2019-03-31,0.09044585798465789
2019-04-01,0.09148862383363172
2019-04-02,0.10297505424279432
2019-04-03,0.10022882752569866
2019-04-04,0.09734743843591052
2019-04-05,0.10602924961170461
2019-04-06,0.1038364179599967
2019-04-07,0.10545214184935325
2019-04-08,0.10497136691841648
2019-04-09,0.10237126969635893
2019-04-10,0.10395112813155805
2019-04-11,0.09689422951519393
2019-04-12,0.09551948590872984
2019-04-13,0.0954261171644357
2019-04-14,0.09624954056649634
2019-04-15,0.09390909737619009
2019-04-16,0.09577795430563296
2019-04-17,0.09821888004932242
2019-04-18,0.09869669089313875
2019-04-19,0.0971663327128511
2019-04-20,0.09615083646538541
2019-04-21,0.094364381157891
2019-04-22,0.09480454809527762
2019-04-23,0.09400068766821196
2019-04-24,0.08839737737571583
2019-04-25,0.08456362709412757
2019-04-26,0.08726628173055263
2019-04-27,0.08674430598864162
2019-04-28,0.08694734595639236
2019-04-29,0.08601751182670761
2019-04-30,0.09051907093653298
2019-05-01,0.08910223729295853
2019-05-02,0.08867036979950915
2019-05-03,0.09014737441162872
2019-05-04,0.08905955443842406
2019-05-05,0.08840449118480491
2019-05-06,0.08841842239427102
2019-05-07,0.08761663682818967
2019-05-08,0.0879240126625802
2019-05-09,0.08667553916744722
2019-05-10,0.0878250121527572
2019-05-11,0.09498506100091295
2019-05-12,0.09069632334633579
2019-05-13,0.09526131392053877
2019-05-14,0.12003722893423284
2019-05-15,0.13395154310375493
2019-05-16,0.12319249967395043
2019-05-17,0.11325865809847885
2019-05-18,0.10926988606049111
2019-05-19,0.12259760738887639
2019-05-20,0.11675924498772869
2019-05-21,0.11664068150291076
2019-05-22,0.11042617644617812
2019-05-23,0.11177987503408701
2019-05-24,0.11276899090618071
2019-05-25,0.11350971627758084
2019-05-26,0.11984485968011574
2019-05-27,0.12747886605883127
2019-05-28,0.13114870232265868
2019-05-29,0.13030808721529946
2019-05-30,0.12398924629192702
2019-05-31,0.12878484284410088
2019-06-01,0.12641624082615038
2019-06-02,0.13062583735461156
2019-06-03,0.12498784724280619
2019-06-04,0.11754887779661621
2019-06-05,0.11816096178698887
2019-06-06,0.12314299941903893
2019-06-07,0.12420710669528
2019-06-08,0.1210299017108711
2019-06-09,0.11387311335854784
2019-06-10,0.11747773970572543
2019-06-11,0.11565008358725681
2019-06-12,0.11787285251888124
2019-06-13,0.11761408771326608
2019-06-14,0.11910620916969993
2019-06-15,0.12043945555647773
2019-06-16,0.1255071553063088
2019-06-17,0.1316025040607994
2019-06-18,0.12587618415280463
2019-06-19,0.1282640527370381
2019-06-20,0.12619097020499628
2019-06-21,0.13015247264147592
2019-06-22,0.13951187413300456
2019-06-23,0.13759322053993814
2019-06-24,0.13812586699548277
2019-06-25,0.13757484319979135
2019-06-26,0.13734423722182046
2019-06-27,0.11994593505092303
2019-06-28,0.12544757715518776
2019-06-29,0.12605906832813632
2019-06-30,0.11628736231815327
2019-07-01,0.11938512976773415
2019-07-02,0.11741164056293944
2019-07-03,0.11988013231684908
2019-07-04,0.11400738650510417
2019-07-05,0.1111159195191065
2019-07-06,0.11410697983235125
2019-07-07,0.1164758782590138
2019-07-08,0.11780556774124705
2019-07-09,0.11562251757703662
2019-07-10,0.10661376759185708
2019-07-11,0.0967018602610768
2019-07-12,0.10078726153919117
2019-07-13,0.09724843792608753
2019-07-14,0.08961502436479615
2019-07-15,0.09224831936260271
2019-07-16,0.08673985985796097
2019-07-17,0.09085608764212799
2019-07-18,0.09457987029154763
2019-07-19,0.09381780349288028
2019-07-20,0.09755373889949376
2019-07-21,0.09699056234660851
2019-07-22,0.09426271296965961
2019-07-23,0.09065245485695317
2019-07-24,0.09243713171217528
2019-07-25,0.09210011500658027
2019-07-26,0.09468479897561151
2019-07-27,0.09083089290160418
2019-07-28,0.09135257223480314
2019-07-29,0.09086942603417
2019-07-30,0.09318497089266448
2019-07-31,0.09390791174134192
2019-08-01,0.09301779637907119
2019-08-02,0.09138399155827989
2019-08-03,0.09267722276893163
2019-08-04,0.09359164364559004
2019-08-05,0.09469487687182102
2019-08-06,0.09106742705381599
2019-08-07,0.09125801785566082
2019-08-08,0.08998108912417155
2019-08-09,0.08692274403329263
2019-08-10,0.08733119523849046
2019-08-11,0.08827792466476175
2019-08-12,0.08780574558647428
2019-08-13,0.08671407230001305
2019-08-14,0.07684484782376724
2019-08-15,0.0773010208316043
2019-08-16,0.07643817507084169
2019-08-17,0.07754970774100993
2019-08-18,0.08256642519236926
2019-08-19,0.08276857593398387
2019-08-20,0.08053898960198239
2019-08-21,0.07770976844551417
2019-08-22,0.07909785044402026
2019-08-23,0.08075803564018354
2019-08-24,0.07957477206170045
2019-08-25,0.07884412458650986
2019-08-26,0.07905161068494126
2019-08-27,0.07870481249184876
2019-08-28,0.07509811128368686
2019-08-29,0.07497806575530867
2019-08-30,0.07473293575044758
2019-08-31,0.07561801216461354
2019-09-01,0.07527714214576196
2019-09-02,0.07609700864327805
2019-09-03,0.07678438044651009
2019-09-04,0.075825794671757
2019-09-05,0.07477087606558933
2019-09-06,0.07358346276513761
2019-09-07,0.07605758628457608
2019-09-08,0.07676807796734764
2019-09-09,0.07572412648352561
2019-09-10,0.07546002632109364
2019-09-11,0.07465527666789183
2019-09-12,0.07431588869260046
2019-09-13,0.07453523113951367
2019-09-14,0.07619986246635761
2019-09-15,0.0763365068826103
2019-09-16,0.07613613459326798
2019-09-17,0.08326802461377947
2019-09-18,0.09179362839832589
2019-09-19,0.08843383564729734
2019-09-20,0.08607116180358775
2019-09-21,0.08458111520813821
2019-09-22,0.08146526682712259
2019-09-23,0.07842529907639045
2019-09-24,0.0685107240672018
2019-09-25,0.07183494777278494
2019-09-26,0.07104738982488173
2019-09-27,0.07111763868963637
2019-09-28,0.07068784605717132
2019-09-29,0.07033719455082225
2019-09-30,0.07464845926751479
2019-10-01,0.0727609285892131
2019-10-02,0.0739388568108794
2019-10-03,0.0722555517351766
2019-10-04,0.07405623466084915
2019-10-05,0.07391455129649173
2019-10-06,0.0751736955052583
2019-10-07,0.08050312414782497
2019-10-08,0.08132536191503742
2019-10-09,0.08226438471479555
2019-10-10,0.07943249587991891
2019-10-11,0.07914379379438721
2019-10-12,0.07976388081998506
2019-10-13,0.08111965426887828
2019-10-14,0.08667968888941584
2019-10-15,0.08436147635251297
2019-10-16,0.08315746416418672
2019-10-17,0.0883964881495797
2019-10-18,0.08622974046453175
2019-10-19,0.08564225839725881
2019-10-20,0.08598490686838269
2019-10-21,0.08562921641392884
2019-10-22,0.08522254366100329
2019-10-23,0.08004606191385177
2019-10-24,0.08133484699382285
2019-10-25,0.08716639199459351
2019-10-26,0.0858429270953132
2019-10-27,0.08714712542831059
2019-10-28,0.0865267419940007
2019-10-29,0.08829007742195559
2019-10-30,0.08668917396820129
2019-10-31,0.08663078145192844
2019-11-01,0.08552932667796972
2019-11-02,0.08660262262428418
2019-11-03,0.08511998624663576
2019-11-04,0.08769162823233702
2019-11-05,0.08808229491481215
2019-11-06,0.09069988025088035
2019-11-07,0.08546678443972826
2019-11-08,0.08087897039469785
2019-11-09,0.08184022384785934
2019-11-10,0.0818425951175557
2019-11-11,0.08032557532931009
2019-11-12,0.07953475688557439
2019-11-13,0.07971793746961811
2019-11-14,0.07893393642625944
2019-11-15,0.07634421350912347
2019-11-16,0.0770057977544076
2019-11-17,0.07741098846377294
2019-11-18,0.07456546482814225
2019-11-19,0.07481652300724424
2019-11-20,0.0732941678621818
2019-11-21,0.07104205446806493
2019-11-22,0.06743594607732711
2019-11-23,0.06879586924818895
2019-11-24,0.06494137035675754
2019-11-25,0.06358915381240886
2019-11-26,0.06463340170494292
2019-11-27,0.06550365768350665
2019-11-28,0.06535219283165171
2019-11-29,0.06702601282856907
2019-11-30,0.06591655501938513
2019-12-01,0.06557835267894195
2019-12-02,0.06387340976725989
2019-12-03,0.06395907188504084
2019-12-04,0.06291512040121884
2019-12-05,0.06486548972647405
2019-12-06,0.06562933497741366
2019-12-07,0.06650077659082555
2019-12-08,0.06709062992779484
2019-12-09,0.06561362531567529
2019-12-10,0.06527275529682369
2019-12-11,0.06460613210343481
2019-12-12,0.06395581138920838
2019-12-13,0.06422139359520056
2019-12-14,0.06321390038296006
2019-12-15,0.06358292922945592
2019-12-16,0.06021098372123354
2019-12-17,0.05323767236166606
2019-12-18,0.056935963861849834
2019-12-19,0.05534839880013755
2019-12-20,0.05668105236949125
2019-12-21,0.05631528401882789
2019-12-22,0.05717368364890982
2019-12-23,0.05538485707171906
2019-12-24,0.05575685000533537
2019-12-25,0.055318461520221004
2019-12-26,0.05522212868880644
2019-12-27,0.055431986056934196
2019-12-28,0.05606037252646931
2019-12-29,0.057195321484889095
2019-12-30,0.05643147623394948
2019-12-31,0.05596315046891859
