Date,Open,High,Low,Close,Adj Close,Volume
2017-09-12,0.60793,0.985107,0.57708,0.629251,0.629251,257746
2017-09-13,0.629451,1.7527599999999999,0.627058,1.27929,1.27929,521254
2017-09-14,1.27936,1.52959,0.936699,1.14457,1.14457,326545
2017-09-15,1.1428,1.45007,0.843508,1.34748,1.34748,150395
2017-09-16,1.36,1.50714,1.05034,1.2783799999999998,1.2783799999999998,265917
2017-09-17,1.28043,1.34175,1.10253,1.29325,1.29325,114147
2017-09-18,1.29067,1.46268,1.1830200000000002,1.24472,1.24472,165211
2017-09-19,1.24777,1.33121,1.04951,1.2147700000000001,1.2147700000000001,114676
2017-09-20,1.21315,1.21315,0.772058,0.919734,0.919734,94403
2017-09-21,0.915207,0.993181,0.8706379999999999,0.9533389999999999,0.9533389999999999,55863
2017-09-22,0.937803,1.16683,0.908617,1.11782,1.11782,102911
2017-09-23,1.1472200000000001,1.18689,1.04636,1.0732,1.0732,252009
2017-09-24,1.0696,1.07876,0.953492,1.01281,1.01281,107388
2017-09-25,1.03067,1.17929,1.01649,1.1359299999999999,1.1359299999999999,90874
2017-09-26,1.1136700000000002,1.1482,1.0447899999999999,1.09251,1.09251,95987
2017-09-27,1.12327,1.18197,0.96526,0.99675,0.99675,87055
2017-09-28,0.9966139999999999,1.1773,0.796663,1.0644,1.0644,116005
2017-09-29,1.01197,1.09148,0.8366379999999999,0.9559549999999999,0.9559549999999999,115864
2017-09-30,0.9560770000000001,1.06729,0.938594,0.9828389999999999,0.9828389999999999,70904
2017-10-01,0.9833700000000001,1.15303,0.9075129999999999,1.08997,1.08997,143693
2017-10-02,1.07569,1.133,0.9896870000000001,1.10127,1.10127,146971
2017-10-03,1.10132,1.59597,1.0997299999999999,1.55935,1.55935,241967
2017-10-04,1.52815,2.49099,1.33481,1.9395,1.9395,389876
2017-10-05,1.9852900000000002,2.39094,1.7488599999999999,2.3347700000000002,2.3347700000000002,320554
2017-10-06,2.37034,2.9879599999999997,2.18301,2.45106,2.45106,589588
2017-10-07,2.5194,2.5194,1.8352700000000002,2.0913,2.0913,200175
2017-10-08,2.08589,2.43813,1.76426,1.9429299999999998,1.9429299999999998,265192
2017-10-09,1.9434200000000001,2.10794,1.44221,1.83726,1.83726,209820
2017-10-10,1.7313,1.85335,1.5183,1.7728400000000002,1.7728400000000002,129318
2017-10-11,1.7725400000000002,2.30081,1.6384299999999998,1.6993099999999999,1.6993099999999999,157037
2017-10-12,1.70075,1.9315,1.6449599999999998,1.8067400000000002,1.8067400000000002,76484
2017-10-13,1.8123099999999999,2.26258,1.76547,2.04199,2.04199,151895
2017-10-14,1.9740099999999998,2.56291,1.94593,2.49843,2.49843,208909
2017-10-15,2.5029,2.5029,1.93297,2.4323,2.4323,193211
2017-10-16,2.43262,3.09471,2.15288,2.89094,2.89094,383784
2017-10-17,2.89662,3.7434199999999995,2.78412,3.5771300000000004,3.5771300000000004,889541
2017-10-18,3.42456,4.6858699999999995,3.2063900000000003,4.52813,4.52813,1980250
2017-10-19,4.53025,4.55087,3.84116,4.115559999999999,4.115559999999999,472055
2017-10-20,4.22037,4.54416,3.9573400000000003,4.2556199999999995,4.2556199999999995,476738
2017-10-21,4.24673,4.27641,3.63615,3.7409800000000004,3.7409800000000004,316624
2017-10-22,3.7731199999999996,4.44613,3.6337599999999997,4.39755,4.39755,318137
2017-10-23,4.4234800000000005,5.2100599999999995,4.10264,5.20148,5.20148,499088
2017-10-24,5.18997,5.87863,4.91326,5.192769999999999,5.192769999999999,900605
2017-10-25,5.19495,5.35551,4.544490000000001,5.14061,5.14061,447547
2017-10-26,5.13989,5.993040000000001,4.92339,5.78335,5.78335,459691
2017-10-27,5.7845699999999995,5.91437,5.14639,5.1961,5.1961,387179
2017-10-28,5.30743,5.392180000000001,4.56307,4.98038,4.98038,347010
2017-10-29,4.9736400000000005,5.23011,4.57292,4.73228,4.73228,270925
2017-10-30,4.69641,4.95828,3.4951199999999996,4.48203,4.48203,698406
2017-10-31,4.46729,5.09909,4.1331,4.82925,4.82925,447235
2017-11-01,4.82572,5.09583,4.0925,4.19524,4.19524,404690
2017-11-02,4.19956,4.26077,2.76748,4.043480000000001,4.043480000000001,745693
2017-11-03,4.02514,4.23154,3.49551,4.0359,4.0359,228962
2017-11-04,3.9723699999999997,5.34854,3.69605,3.69605,3.69605,209124
2017-11-05,3.6891199999999995,4.19524,3.6891199999999995,3.78798,3.78798,245500
2017-11-06,3.8344099999999997,3.97073,3.29261,3.79775,3.79775,290900
2017-11-07,3.7907599999999997,4.03492,3.62394,3.9569099999999997,3.9569099999999997,180467
2017-11-08,3.9444199999999996,5.17549,3.93299,4.64185,4.64185,489596
2017-11-09,4.63694,5.29568,4.33455,4.91815,4.91815,652781
2017-11-10,4.932519999999999,4.98262,3.8720199999999996,4.003830000000001,4.003830000000001,400021
2017-11-11,4.06476,4.40123,3.79035,3.8785,3.8785,470746
2017-11-12,3.8763099999999997,4.0723199999999995,3.3057199999999995,3.56319,3.56319,300980
2017-11-13,3.56861,4.15384,3.50125,3.8336900000000003,3.8336900000000003,283372
2017-11-14,3.8404800000000003,3.94296,2.90847,3.6152,3.6152,368012
2017-11-15,3.6174699999999995,3.72114,3.2943300000000004,3.5204400000000002,3.5204400000000002,393762
2017-11-16,3.53516,4.59869,3.41086,3.99494,3.99494,684305
2017-11-17,4.23442,4.23442,3.26301,3.36751,3.36751,463203
2017-11-18,3.35289,3.52265,3.12745,3.3736300000000004,3.3736300000000004,296049
2017-11-19,3.3879599999999996,3.3879599999999996,2.67519,3.16756,3.16756,471144
2017-11-20,3.16591,3.5355,2.9638299999999997,3.06315,3.06315,261967
2017-11-21,3.05068,3.21464,2.89473,3.02545,3.02545,266378
2017-11-22,2.99637,3.0781400000000003,2.7156700000000003,2.9205200000000002,2.9205200000000002,300506
2017-11-23,2.9209099999999997,3.11916,2.4684,2.72778,2.72778,416008
2017-11-24,2.742,3.65575,2.6792599999999998,3.4850199999999996,3.4850199999999996,308611
2017-11-25,3.43574,3.5966699999999996,3.06412,3.2244,3.2244,325835
2017-11-26,3.2233,3.3873300000000004,2.91941,3.19571,3.19571,277734
2017-11-27,3.19625,3.3090900000000003,2.9272099999999996,3.05269,3.05269,286401
2017-11-28,3.05817,3.39227,2.93193,2.97896,2.97896,342147
2017-11-29,3.02516,3.2040900000000003,2.5142700000000002,2.66833,2.66833,307601
2017-11-30,2.70799,3.0457099999999997,2.42161,2.93233,2.93233,219988
2017-12-01,2.9186,3.06557,2.5558099999999997,2.9481900000000003,2.9481900000000003,346399
2017-12-02,2.94623,2.9691099999999997,2.63856,2.6661200000000003,2.6661200000000003,284357
2017-12-03,2.63643,3.0693900000000003,2.61542,2.8984799999999997,2.8984799999999997,288911
2017-12-04,2.89724,3.91395,2.8576599999999996,3.6456,3.6456,672699
2017-12-05,3.65594,4.23902,3.3948199999999997,4.06931,4.06931,518455
2017-12-06,3.96401,4.32509,3.72632,4.115419999999999,4.115419999999999,616653
2017-12-07,4.20274,4.59474,3.59865,4.0902400000000005,4.0902400000000005,616727
2017-12-08,4.099530000000001,4.2256800000000005,3.13754,3.78379,3.78379,580263
2017-12-09,3.8149900000000003,3.87115,3.33523,3.6156,3.6156,345927
2017-12-10,3.6300800000000004,3.73046,3.0764099999999996,3.2932,3.2932,355318
2017-12-11,3.27033,3.83924,3.21001,3.31719,3.31719,291876
2017-12-12,3.32674,3.7282,2.9508400000000004,3.41813,3.41813,346566
2017-12-13,3.3871599999999997,4.777430000000001,3.04758,4.38163,4.38163,594952
2017-12-14,4.28275,4.555969999999999,3.5593800000000004,3.9917800000000003,3.9917800000000003,356777
2017-12-15,3.95842,4.14661,3.4804,3.9236400000000002,3.9236400000000002,335296
2017-12-16,3.92803,4.38448,3.6802,4.27577,4.27577,433080
2017-12-17,4.21087,4.341819999999999,3.89846,4.0934099999999995,4.0934099999999995,452794
2017-12-18,4.1031699999999995,4.82905,3.85521,4.80279,4.80279,504052
2017-12-19,4.85227,5.0266,4.07164,4.37812,4.37812,623820
2017-12-20,4.36868,4.583019999999999,3.7844800000000003,4.52497,4.52497,605108
2017-12-21,4.53656,5.255319999999999,4.20205,4.815869999999999,4.815869999999999,600706
2017-12-22,4.83169,9.91569,3.8989800000000003,7.50505,7.50505,7843310
2017-12-23,7.57033,8.88954,7.35849,7.639310000000001,7.639310000000001,3941520
2017-12-24,7.6254800000000005,7.6254800000000005,6.12743,6.53522,6.53522,1545340
2017-12-25,6.57742,7.283060000000001,6.33063,6.7413300000000005,6.7413300000000005,1261440
2017-12-26,6.82481,7.106039999999999,5.44341,6.35977,6.35977,1692320
2017-12-27,6.36523,8.00758,5.76486,7.6597800000000005,7.6597800000000005,2012800
2017-12-28,7.687130000000001,8.66555,6.10623,6.96231,6.96231,1511940
2017-12-29,7.15203,9.32282,6.612260000000001,8.4914,8.4914,3289740
2017-12-30,8.43707,8.57569,6.769939999999999,7.4362699999999995,7.4362699999999995,1538800
2017-12-31,7.35073,8.5773,6.996230000000001,8.34939,8.34939,1713930
2018-01-01,8.3572,9.328489999999999,7.725569999999999,9.13545,9.13545,2443900
2018-01-02,9.047139999999999,9.72202,7.98106,8.31294,8.31294,2407610
2018-01-03,8.311580000000001,8.88941,7.98685,8.42625,8.42625,2770880
2018-01-04,8.48132,8.544960000000001,7.497319999999999,8.108260000000001,8.108260000000001,2888930
2018-01-05,8.12133,8.85801,7.0178899999999995,7.53436,7.53436,3280040
2018-01-06,7.754739999999999,28.3806,7.617,22.857901000000002,22.857901000000002,72246800
2018-01-07,22.148398999999998,31.3764,17.441601000000002,25.085698999999998,25.085698999999998,103923000
2018-01-08,23.975901,51.027802,23.319201,44.676201,44.676201,310931008
2018-01-09,44.805099,64.8731,40.379298999999996,44.466999,44.466999,222014000
2018-01-10,45.3368,56.5042,36.278702,38.715199,38.715199,91383296
2018-01-11,38.282902,39.841301,27.5833,29.9426,29.9426,35328800
2018-01-12,30.129101000000002,41.6329,28.5396,36.823399,36.823399,34940300
2018-01-13,36.8036,37.429001,29.6479,32.640999,32.640999,24524700
2018-01-14,32.548,32.548,24.6304,27.7805,27.7805,18080500
2018-01-15,27.646798999999998,28.924801000000002,22.094101000000002,22.094101000000002,22.094101000000002,10330000
2018-01-16,22.130198999999998,31.236099,14.1721,23.5273,23.5273,76247800
2018-01-17,23.404301,33.869099,22.315399,26.5313,26.5313,93353904
2018-01-18,26.368601,30.8587,25.3592,26.3724,26.3724,27568100
2018-01-19,26.0354,29.6726,25.1366,26.9998,26.9998,12536700
2018-01-20,27.246901,31.7988,26.964701,31.218398999999998,31.218398999999998,16059900
2018-01-21,30.9408,31.1854,23.766001,25.1387,25.1387,9588240
2018-01-22,25.8402,26.3174,19.996599,22.260099,22.260099,7241140
2018-01-23,22.1731,22.7122,19.3976,21.056801,21.056801,5872280
2018-01-24,21.094101000000002,24.484501,20.443399,21.465099,21.465099,16784500
2018-01-25,21.9778,22.882,20.632799,20.767098999999998,20.767098999999998,4307440
2018-01-26,20.6688,21.5497,18.475901,19.975,19.975,4449880
2018-01-27,19.9543,21.7742,19.421,20.851999,20.851999,4554200
2018-01-28,20.944799,24.0347,20.5406,20.706301,20.706301,11389400
2018-01-29,20.6203,20.9541,18.911301,19.2838,19.2838,3493170
2018-01-30,19.2533,19.2633,15.5087,16.318399,16.318399,3546130
2018-01-31,16.3508,17.381001,15.4352,17.163099,17.163099,4591030
2018-02-01,17.1558,18.042,13.0869,14.421,14.421,4344220
2018-02-02,14.5349,14.5402,10.2855,12.8915,12.8915,4566820
2018-02-03,12.9794,14.5569,11.7923,14.0671,14.0671,2578680
2018-02-04,14.0706,14.3248,11.0741,11.9859,11.9859,2230170
2018-02-05,11.8766,12.121,7.82952,8.64065,8.64065,2505870
2018-02-06,8.858419999999999,12.1458,6.930219999999999,12.0076,12.0076,3613470
2018-02-07,11.9824,12.9196,9.7731,10.5267,10.5267,3084850
2018-02-08,10.4864,11.9572,10.4288,11.5168,11.5168,3217800
2018-02-09,11.5419,13.8944,11.047,13.7958,13.7958,256549
2018-02-10,13.8113,14.0659,11.0191,11.7583,11.7583,2172730
2018-02-11,11.6954,12.0408,10.3174,10.8234,10.8234,2325390
2018-02-12,10.8772,13.7071,10.8751,13.5914,13.5914,2909730
2018-02-13,13.5543,13.6463,11.3045,11.5049,11.5049,1737860
2018-02-14,11.4933,14.863,11.4933,14.863,14.863,4152390
2018-02-15,15.1662,22.274,14.09,18.564501,18.564501,83055104
2018-02-16,18.605801,19.493299,16.4471,18.0718,18.0718,21028200
2018-02-17,17.938299,19.041201,17.3141,17.750799,17.750799,8966690
2018-02-18,17.7194,17.749599,15.5093,16.175698999999998,16.175698999999998,5277620
2018-02-19,16.1688,19.813499,16.141399,18.4231,18.4231,19410400
2018-02-20,18.3934,18.6679,15.5855,15.5855,15.5855,7469010
2018-02-21,15.3679,17.6252,14.4176,15.0236,15.0236,7882850
2018-02-22,15.169,15.8039,13.1279,13.3124,13.3124,3096320
2018-02-23,13.3305,14.6536,12.8015,14.286,14.286,3479680
2018-02-24,14.2668,14.5336,12.671,13.1396,13.1396,2625070
2018-02-25,13.1111,14.9907,12.9179,13.6569,13.6569,5732600
2018-02-26,13.6669,14.95,13.3918,13.9337,13.9337,4307770
2018-02-27,13.9441,15.003,13.732,14.0934,14.0934,3494090
2018-02-28,14.1062,20.0609,14.0228,16.054399,16.054399,39374500
2018-03-01,16.126499,17.7866,15.4286,15.9643,15.9643,14257000
2018-03-02,16.007401,16.007401,14.9233,15.5644,15.5644,4074000
2018-03-03,15.644,18.5882,15.3183,17.075701000000002,17.075701000000002,11323300
2018-03-04,17.0133,17.0133,15.6996,16.548599,16.548599,4977800
2018-03-05,16.441999,16.578198999999998,15.9232,15.9488,15.9488,3684860
2018-03-06,15.8708,18.9814,14.8791,15.2838,15.2838,15203600
2018-03-07,15.2805,15.7241,11.8451,13.094,13.094,6447580
2018-03-08,13.0537,13.3445,11.5217,11.8604,11.8604,3001220
2018-03-09,11.8167,12.072,9.35257,11.9745,11.9745,3621810
2018-03-10,11.9343,12.8749,11.0778,11.3776,11.3776,3596990
2018-03-11,11.3426,13.0565,10.8988,12.7134,12.7134,3499730
2018-03-12,12.7332,13.4429,11.2987,11.8752,11.8752,3715790
2018-03-13,11.8503,12.3449,11.2627,11.4478,11.4478,2210290
2018-03-14,11.4076,11.7874,9.35931,9.70327,9.70327,2199010
2018-03-15,9.677539999999999,10.4624,8.92273,10.3846,10.3846,8666500
2018-03-16,10.4045,10.9769,9.3259,9.8374,9.8374,11627400
2018-03-17,9.8252,9.89965,8.78895,8.87989,8.87989,9337750
2018-03-18,8.85647,8.91468,6.65132,8.651639999999999,8.651639999999999,10712700
2018-03-19,8.676639999999999,9.18817,8.295539999999999,8.80908,8.80908,9804430
2018-03-20,8.84919,9.81532,8.52999,9.6343,9.6343,12259800
2018-03-21,9.65677,11.0382,9.43752,9.97925,9.97925,13945800
2018-03-22,9.935360000000001,10.1397,8.80792,9.26441,9.26441,12822900
2018-03-23,9.2368,11.8114,8.679730000000001,11.8114,11.8114,24330300
2018-03-24,12.1544,12.831,10.5231,10.9128,10.9128,27593800
2018-03-25,10.7274,12.6462,10.3679,11.7949,11.7949,18000400
2018-03-26,11.7572,12.7411,9.9945,11.3766,11.3766,15736200
2018-03-27,11.3396,11.5763,9.845080000000001,9.88493,9.88493,10254500
2018-03-28,9.67961,10.2153,9.48729,9.66207,9.66207,12312800
2018-03-29,9.67056,9.80838,7.86195,7.98353,7.98353,11461700
2018-03-30,7.96023,8.27801,7.338260000000001,7.70625,7.70625,9337130
2018-03-31,7.72555,8.137319999999999,7.64345,7.834039999999999,7.834039999999999,8858460
2018-04-01,7.823230000000001,7.92727,6.783919999999999,7.2735899999999996,7.2735899999999996,9061680
2018-04-02,7.269260000000001,7.799510000000001,7.18934,7.64012,7.64012,8507680
2018-04-03,7.64743,8.427719999999999,7.601610000000001,8.0426,8.0426,9991750
2018-04-04,8.07818,8.1401,6.99523,7.06655,7.06655,8877440
2018-04-05,7.08167,7.382,6.862830000000001,7.35169,7.35169,7970170
2018-04-06,7.3212,7.5483899999999995,6.873810000000001,7.46888,7.46888,9150730
2018-04-07,7.409260000000001,7.699039999999999,7.287089999999999,7.39992,7.39992,9203160
2018-04-08,7.40755,8.2838,7.40755,8.2838,8.2838,9753520
2018-04-09,8.31885,8.31885,7.30043,7.4577100000000005,7.4577100000000005,9362700
2018-04-10,7.45569,8.05328,7.280710000000001,7.89342,7.89342,9190000
2018-04-11,7.926760000000001,8.55915,7.793710000000001,8.38062,8.38062,11704700
2018-04-12,8.377289999999999,9.407689999999999,7.90143,9.385019999999999,9.385019999999999,10615200
2018-04-13,9.40318,10.6551,9.307830000000001,9.660839999999999,9.660839999999999,13600700
2018-04-14,9.53893,10.4952,9.451880000000001,10.1442,10.1442,9768740
2018-04-15,10.1585,10.8081,10.1142,10.686,10.686,11197100
2018-04-16,10.6886,10.7444,9.5725,9.9049,9.9049,11383100
2018-04-17,9.918569999999999,10.2553,9.6206,9.678239999999999,9.678239999999999,11237700
2018-04-18,9.657680000000001,10.612,9.657680000000001,10.4252,10.4252,12941100
2018-04-19,10.4337,11.4313,10.4153,11.4313,11.4313,13666300
2018-04-20,11.4379,12.077,10.8765,12.0446,12.0446,14961600
2018-04-21,12.0537,12.115,10.8164,11.5152,11.5152,13000600
2018-04-22,11.4636,11.8549,11.0633,11.4915,11.4915,14442700
2018-04-23,11.4449,13.4987,11.4375,12.9289,12.9289,18618900
2018-04-24,12.9886,14.0068,12.8215,13.5059,13.5059,15800000
2018-04-25,13.5536,13.5666,10.9463,11.4226,11.4226,11509600
2018-04-26,11.5148,13.2341,10.8864,13.219,13.219,13509500
2018-04-27,13.2381,13.3019,12.1464,12.1464,12.1464,11157100
2018-04-28,12.1379,14.0251,12.0728,13.706,13.706,16601700
2018-04-29,13.6921,15.8858,13.4261,15.745,15.745,18788900
2018-04-30,15.8755,16.524599,14.8248,15.0583,15.0583,19396200
2018-05-01,15.0993,15.5023,14.0155,15.3283,15.3283,11584900
2018-05-02,15.3753,16.193899,15.1352,15.9634,15.9634,15069900
2018-05-03,15.9464,16.0467,15.4967,15.6833,15.6833,15006300
2018-05-04,15.6843,16.0578,14.7284,14.9694,14.9694,12381300
2018-05-05,14.9959,15.3523,14.5334,14.7868,14.7868,12208100
2018-05-06,14.752,14.8346,13.5414,13.9915,13.9915,9800430
2018-05-07,13.9319,15.6496,12.9307,15.5839,15.5839,15538200
2018-05-08,15.5941,15.8188,13.9378,14.5421,14.5421,12363600
2018-05-09,14.4867,14.988,13.5325,14.9345,14.9345,9725130
2018-05-10,14.8543,15.5102,14.1752,14.2517,14.2517,9500540
2018-05-11,14.1117,14.1117,12.1025,12.4189,12.4189,10886800
2018-05-12,12.3933,13.1942,11.3208,12.0834,12.0834,6996960
2018-05-13,12.0816,13.2391,11.5482,13.0752,13.0752,11365300
2018-05-14,13.0507,13.3901,11.9713,12.7582,12.7582,9991030
2018-05-15,12.651,13.5981,12.3555,12.3555,12.3555,9612640
2018-05-16,12.3725,12.421,11.5259,11.7189,11.7189,7968680
2018-05-17,11.7278,12.0036,11.372,11.3743,11.3743,8680690
2018-05-18,11.3847,13.0125,10.3568,10.5464,10.5464,13648100
2018-05-19,10.5991,10.7457,10.3175,10.5087,10.5087,14587400
2018-05-20,10.5191,10.7374,10.3429,10.5117,10.5117,10213000
2018-05-21,10.4946,10.6398,10.19,10.2458,10.2458,9150860
2018-05-22,10.261,10.4092,9.392339999999999,9.39367,9.39367,10651000
2018-05-23,9.38557,9.49935,8.180719999999999,8.2988,8.2988,5644950
2018-05-24,8.37536,8.55847,7.8759,8.43951,8.43951,4751230
2018-05-25,8.464189999999999,8.52576,8.03785,8.10153,8.10153,6345270
2018-05-26,8.09371,8.626719999999999,8.060839999999999,8.26494,8.26494,6587020
2018-05-27,8.26942,8.442960000000001,8.00809,8.148019999999999,8.148019999999999,5492840
2018-05-28,8.30252,8.30459,7.16103,7.395910000000001,7.395910000000001,3429840
2018-05-29,7.38875,7.697780000000001,6.917039999999999,7.649030000000001,7.649030000000001,3827150
2018-05-30,7.609319999999999,7.95661,7.5993699999999995,7.7992300000000006,7.7992300000000006,4496260
2018-05-31,7.77718,7.90008,7.441389999999999,7.6326,7.6326,6474100
2018-06-01,7.635089999999999,7.87701,7.607239999999999,7.67833,7.67833,7471090
2018-06-02,7.6785,8.21044,7.6785,8.11801,8.11801,9597780
2018-06-03,8.1411,8.597710000000001,8.085469999999999,8.09417,8.09417,9806060
2018-06-04,8.1224,8.26915,7.48155,7.48875,7.48875,9345590
2018-06-05,7.4796,7.739889999999999,7.2237,7.541189999999999,7.541189999999999,9820700
2018-06-06,7.526339999999999,7.57689,7.363360000000001,7.49459,7.49459,6984790
2018-06-07,7.514819999999999,7.65747,7.4794,7.596419999999999,7.596419999999999,6955710
2018-06-08,7.60964,7.67675,7.1672,7.207660000000001,7.207660000000001,4040280
2018-06-09,7.20945,7.21715,7.03252,7.03252,7.03252,7065370
2018-06-10,7.029710000000001,7.1318,5.91505,6.01175,6.01175,7291420
2018-06-11,6.04509,6.09532,5.56107,5.7533199999999995,5.7533199999999995,5723140
2018-06-12,5.74335,5.8044,5.4980400000000005,5.53851,5.53851,4499890
2018-06-13,5.52651,5.69378,4.8831,4.9255,4.9255,2795360
2018-06-14,4.932519999999999,5.1695400000000005,4.6365,5.159330000000001,5.159330000000001,2975210
2018-06-15,5.15749,5.16438,5.0008099999999995,5.02077,5.02077,2743370
2018-06-16,4.99921,5.16161,4.7461199999999995,4.81917,4.81917,1861610
2018-06-17,4.81944,4.95139,4.69674,4.86881,4.86881,1709310
2018-06-18,4.86543,4.9588,4.545380000000001,4.90125,4.90125,4397870
2018-06-19,4.89375,5.05934,4.75432,4.88449,4.88449,2680870
2018-06-20,4.87845,4.87942,4.6653400000000005,4.79964,4.79964,3319830
2018-06-21,4.81417,5.07643,4.65408,4.6557699999999995,4.6557699999999995,3132920
2018-06-22,4.69447,4.69447,3.8462,3.8487,3.8487,5521040
2018-06-23,3.85269,3.94898,3.8157099999999997,3.9343,3.9343,2381440
2018-06-24,3.9598,3.96506,3.47434,3.6737,3.6737,3173640
2018-06-25,3.6728,3.91894,3.5758300000000003,3.8747599999999998,3.8747599999999998,2559560
2018-06-26,3.88115,3.95365,3.56831,3.5711199999999996,3.5711199999999996,2507680
2018-06-27,3.5714099999999998,3.77262,3.53413,3.67432,3.67432,322428
2018-06-28,3.67529,3.79356,3.67421,3.7676300000000005,3.7676300000000005,5390910
2018-06-29,3.76882,3.77748,3.3622199999999998,3.51427,3.51427,2858680
2018-06-30,3.51629,3.92755,3.51629,3.8279900000000002,3.8279900000000002,564606
2018-07-01,3.8246599999999997,4.00318,3.7183,3.99534,3.99534,3836020
2018-07-02,3.99367,4.452380000000001,3.9329400000000003,4.36423,4.36423,3206590
2018-07-03,4.37121,4.37675,4.11059,4.11734,4.11734,2728580
2018-07-04,4.10657,5.304130000000001,3.9633800000000003,4.34826,4.34826,3115160
2018-07-05,4.3535900000000005,4.8772400000000005,4.09347,4.150180000000001,4.150180000000001,2451590
2018-07-06,4.15417,4.36854,4.03653,4.11569,4.11569,2596410
2018-07-07,4.11764,4.4398,3.91471,4.17252,4.17252,2490430
2018-07-08,4.17122,4.61011,4.084219999999999,4.17605,4.17605,2671210
2018-07-09,4.1535,5.44645,4.088019999999999,4.2615,4.2615,2437590
2018-07-10,4.27689,5.1159300000000005,3.69605,3.89399,3.89399,2791810
2018-07-11,3.9170199999999995,3.9820800000000003,3.63575,3.64028,3.64028,304702
2018-07-12,3.6623,5.25596,3.6339599999999996,3.8883,3.8883,2629950
2018-07-13,3.88351,3.92529,3.6285800000000004,3.8375,3.8375,2149580
2018-07-14,3.8597599999999996,3.92899,3.85236,3.8632199999999997,3.8632199999999997,2008120
2018-07-15,3.86312,3.94205,3.4788300000000003,3.6675,3.6675,2109120
2018-07-16,3.66433,4.14719,3.6369800000000003,3.9540800000000003,3.9540800000000003,3025040
2018-07-17,3.95226,4.61541,3.87375,4.53216,4.53216,5843330
2018-07-18,4.53223,4.92945,4.22092,4.31629,4.31629,4979010
2018-07-19,4.34846,5.17847,4.32212,4.46128,4.46128,4125820
2018-07-20,4.46122,4.470680000000001,3.7857199999999995,3.8062300000000002,3.8062300000000002,6094840
2018-07-21,3.80661,3.89981,3.67179,3.8523199999999997,3.8523199999999997,1169760
2018-07-22,3.8534300000000004,3.97445,3.8088800000000003,3.8163099999999996,3.8163099999999996,5398180
2018-07-23,3.8174900000000003,3.8174900000000003,3.57511,3.60664,3.60664,3625760
2018-07-24,3.60681,4.68728,3.45073,3.5132800000000004,3.5132800000000004,476059
2018-07-25,3.4668900000000002,3.9419,3.4668900000000002,3.69086,3.69086,5858100
2018-07-26,3.69089,4.72984,3.39339,3.8740099999999997,3.8740099999999997,4099530
2018-07-27,3.88369,4.71948,3.5813599999999997,3.71383,3.71383,5110450
2018-07-28,3.71483,4.72864,3.6207800000000003,3.71295,3.71295,4413230
2018-07-29,3.7016400000000003,3.8553900000000003,3.6208,3.70115,3.70115,4088560
2018-07-30,3.7012300000000002,3.7699800000000003,3.50335,3.54735,3.54735,364587
2018-07-31,3.54255,3.7436,3.5164800000000005,3.72603,3.72603,4395770
2018-08-01,3.72661,3.74211,3.1255599999999997,3.6055599999999997,3.6055599999999997,3728230
2018-08-02,3.60512,3.8327,2.31365,2.6958599999999997,2.6958599999999997,3474530
2018-08-03,2.69378,3.50346,2.61574,2.68299,2.68299,2790360
2018-08-04,2.68328,2.75363,2.41454,2.52664,2.52664,215381
2018-08-05,2.52828,2.6167700000000003,2.48049,2.55533,2.55533,131771
2018-08-06,2.5583299999999998,2.65929,2.47262,2.53991,2.53991,196506
2018-08-07,2.53788,2.6331599999999997,2.3698799999999998,2.37868,2.37868,317838
2018-08-08,2.3788400000000003,2.3788400000000003,2.04882,2.12566,2.12566,274789
2018-08-09,2.13691,2.3544400000000003,2.09159,2.30288,2.30288,184725
2018-08-10,2.28346,2.31782,1.96164,2.0291,2.0291,166552
2018-08-11,2.01972,2.05639,1.84317,1.9836200000000002,1.9836200000000002,281209
2018-08-12,1.9780099999999998,2.06679,1.8947900000000002,1.97826,1.97826,208139
2018-08-13,1.9766400000000002,2.00604,1.6350200000000001,1.6721400000000002,1.6721400000000002,211638
2018-08-14,1.65661,1.6666,1.31865,1.61461,1.61461,423637
2018-08-15,1.61351,1.7926900000000001,1.61351,1.69137,1.69137,368659
2018-08-16,1.6912,1.81023,1.67772,1.6937900000000001,1.6937900000000001,253555
2018-08-17,1.6871099999999999,2.3234,1.66442,2.26594,2.26594,543029
2018-08-18,2.2298299999999998,2.28116,1.78846,1.8848900000000002,1.8848900000000002,420027
2018-08-19,1.88588,2.00285,1.86369,1.9468900000000002,1.9468900000000002,171485
2018-08-20,1.93067,2.0101400000000003,1.7785900000000001,1.79292,1.79292,237125
2018-08-21,1.78997,1.9033900000000001,1.75253,1.86017,1.86017,234631
2018-08-22,1.8588200000000001,1.9998799999999999,1.7783,1.8116,1.8116,172535
2018-08-23,1.8081200000000002,1.93075,1.8022099999999999,1.93075,1.93075,98178
2018-08-24,1.92832,1.98105,1.86545,1.9780900000000001,1.9780900000000001,271157
2018-08-25,1.9704099999999998,1.9923,1.9121,1.98236,1.98236,163045
2018-08-26,1.97479,1.99996,1.83322,1.9361400000000002,1.9361400000000002,375286
2018-08-27,1.9386900000000002,2.10792,1.9275099999999998,2.10792,2.10792,464275
2018-08-28,2.1045599999999998,2.51733,2.10443,2.38846,2.38846,827217
2018-08-29,2.37784,2.53938,2.2004,2.26362,2.26362,549392
2018-08-30,2.27204,2.32295,2.0552599999999996,2.17215,2.17215,360028
2018-08-31,2.17406,2.65461,2.11046,2.4056,2.4056,831736
2018-09-01,2.41013,2.75791,2.3972599999999997,2.5440400000000003,2.5440400000000003,1029280
2018-09-02,2.53971,2.65165,2.45844,2.65165,2.65165,345482
2018-09-03,2.65488,2.65488,2.42555,2.54597,2.54597,262412
2018-09-04,2.54718,2.54718,2.45836,2.54137,2.54137,317192
2018-09-05,2.53959,2.57137,1.96826,1.96826,1.96826,509812
2018-09-06,1.9550400000000001,2.01535,1.77825,2.01535,2.01535,241571
2018-09-07,2.01551,2.05972,1.86746,1.91147,1.91147,220139
2018-09-08,1.90845,1.96963,1.73534,1.7594,1.7594,107957
2018-09-09,1.7562900000000001,1.8948599999999998,1.7402099999999998,1.7736599999999998,1.7736599999999998,94914
2018-09-10,1.77957,1.82162,1.6749900000000002,1.7009400000000001,1.7009400000000001,218765
2018-09-11,1.6978900000000001,1.7688400000000002,1.55863,1.60837,1.60837,181504
2018-09-12,1.5893899999999999,1.84247,1.51416,1.80122,1.80122,315899
2018-09-13,1.78994,1.90271,1.71043,1.7776299999999998,1.7776299999999998,340518
2018-09-14,1.77988,1.8349099999999998,1.64372,1.7667400000000002,1.7667400000000002,287804
2018-09-15,1.75509,1.78452,1.6755099999999998,1.7145599999999999,1.7145599999999999,192065
2018-09-16,1.72816,1.79253,1.6749599999999998,1.7788599999999999,1.7788599999999999,233977
2018-09-17,1.78598,1.9115900000000001,1.6639599999999999,1.68422,1.68422,434984
2018-09-18,1.68275,1.85484,1.66439,1.7748400000000002,1.7748400000000002,281933
2018-09-19,1.76263,1.7833599999999998,1.60881,1.68743,1.68743,352418
2018-09-20,1.6968599999999998,1.8107,1.68501,1.78807,1.78807,235307
2018-09-21,1.7854,2.32346,1.74941,1.9784,1.9784,1316440
2018-09-22,1.9960200000000001,2.13127,1.8689099999999998,1.93725,1.93725,589593
2018-09-23,1.93862,2.01288,1.91665,1.95603,1.95603,311508
2018-09-24,1.96443,2.0371200000000003,1.8318599999999998,1.8706,1.8706,715074
2018-09-25,1.84781,1.8478400000000001,1.6913799999999999,1.77652,1.77652,247893
2018-09-26,1.7655900000000002,1.8274299999999999,1.7017200000000001,1.76774,1.76774,219404
2018-09-27,1.7679,1.91177,1.7492299999999998,1.8642599999999998,1.8642599999999998,211781
2018-09-28,1.86642,1.93907,1.82139,1.8371,1.8371,341738
2018-09-29,1.84235,1.96123,1.79295,1.9389900000000002,1.9389900000000002,381069
2018-09-30,1.94577,1.96439,1.86337,1.90093,1.90093,259872
2018-10-01,1.89576,1.9523599999999999,1.86349,1.91982,1.91982,198450
2018-10-02,1.8919599999999999,1.9787099999999997,1.8873,1.91556,1.91556,358308
2018-10-03,1.90809,1.9279,1.8287799999999999,1.89352,1.89352,241128
2018-10-04,1.89608,2.0083599999999997,1.89035,1.9565700000000001,1.9565700000000001,252728
2018-10-05,1.9612,2.15745,1.9547299999999999,2.11322,2.11322,662432
2018-10-06,2.1046400000000003,2.13361,2.01262,2.03154,2.03154,276917
2018-10-07,2.02601,2.05654,2.00253,2.01493,2.01493,141017
2018-10-08,2.02358,2.16261,1.99997,2.13751,2.13751,256737
2018-10-09,2.1419099999999998,2.16074,2.03393,2.09421,2.09421,343013
2018-10-10,2.0868,2.13302,2.03998,2.11117,2.11117,219204
2018-10-11,2.10449,2.10699,1.68058,1.71885,1.71885,779319
2018-10-12,1.71775,1.8419400000000001,1.67905,1.7586400000000002,1.7586400000000002,285293
2018-10-13,1.7594400000000001,1.86155,1.7594400000000001,1.80499,1.80499,194104
2018-10-14,1.80532,1.89927,1.7955299999999998,1.8219599999999998,1.8219599999999998,223497
2018-10-15,1.79515,1.9653900000000002,1.7820799999999999,1.88411,1.88411,428213
2018-10-16,1.8821900000000003,1.96858,1.87664,1.9600799999999998,1.9600799999999998,241496
2018-10-17,1.9665,2.09033,1.9031099999999999,2.04166,2.04166,539004
2018-10-18,2.04935,2.07345,1.8739400000000002,1.90274,1.90274,480907
2018-10-19,1.8988900000000002,1.9586700000000001,1.8913200000000001,1.9119099999999998,1.9119099999999998,213364
2018-10-20,1.9105,1.9798200000000001,1.89483,1.96985,1.96985,213273
2018-10-21,1.9717799999999999,2.06089,1.9558200000000001,2.03786,2.03786,434940
2018-10-22,2.04572,2.35383,2.0097099999999997,2.31433,2.31433,2267600
2018-10-23,2.3267599999999997,2.40538,2.17271,2.40538,2.40538,1077310
2018-10-24,2.39529,2.4239900000000003,2.23254,2.25002,2.25002,547916
2018-10-25,2.24149,2.7739,2.15043,2.56161,2.56161,4411010
2018-10-26,2.54327,2.74438,2.47438,2.59502,2.59502,1955900
2018-10-27,2.58577,2.6520799999999998,2.48388,2.48997,2.48997,424745
2018-10-28,2.5112799999999997,3.16408,2.5112799999999997,2.81251,2.81251,12420400
2018-10-29,2.99398,3.30399,2.5175099999999997,2.58974,2.58974,5677680
2018-10-30,2.58154,2.84551,2.58154,2.70254,2.70254,2002580
2018-10-31,2.70877,3.02509,2.50196,2.52572,2.52572,5893840
2018-11-01,2.54637,2.64662,2.48474,2.55309,2.55309,826070
2018-11-02,2.55587,2.62379,2.44139,2.44517,2.44517,563136
2018-11-03,2.44388,2.48073,2.3668400000000003,2.3974900000000003,2.3974900000000003,445655
2018-11-04,2.3980599999999996,2.41588,2.2193,2.33604,2.33604,712491
2018-11-05,2.33354,2.45994,2.30832,2.32475,2.32475,540382
2018-11-06,2.33297,2.36944,2.18591,2.33738,2.33738,812500
2018-11-07,2.3395900000000003,2.48368,2.32697,2.45215,2.45215,484610
2018-11-08,2.45056,2.52152,2.36156,2.3860099999999997,2.3860099999999997,652738
2018-11-09,2.3843,2.3938200000000003,2.22689,2.2431200000000002,2.2431200000000002,366341
2018-11-10,2.23773,2.3427700000000002,2.2111099999999997,2.30734,2.30734,203094
2018-11-11,2.3103700000000003,2.32428,2.23615,2.2780099999999996,2.2780099999999996,215498
2018-11-12,2.29257,2.38347,2.23006,2.2582400000000002,2.2582400000000002,351204
2018-11-13,2.24736,2.25366,2.0714200000000003,2.08908,2.08908,420758
2018-11-14,2.0878099999999997,2.0878099999999997,1.594,1.75962,1.75962,530808
2018-11-15,1.7569099999999997,1.77223,1.56219,1.67966,1.67966,423459
2018-11-16,1.67956,1.6958400000000002,1.56746,1.64648,1.64648,255366
2018-11-17,1.6493900000000001,1.6563900000000003,1.54769,1.59198,1.59198,189285
2018-11-18,1.59627,1.6442299999999999,1.5775,1.61362,1.61362,155570
2018-11-19,1.60998,1.60998,1.11524,1.1899899999999999,1.1899899999999999,554940
2018-11-20,1.18319,1.23704,0.962367,1.0538100000000001,1.0538100000000001,320026
2018-11-21,1.0558100000000001,1.15664,1.0126,1.14209,1.14209,161118
2018-11-22,1.14625,1.19424,1.04823,1.05636,1.05636,186230
2018-11-23,1.04575,1.06984,0.9846280000000001,1.06372,1.06372,168499
2018-11-24,1.06901,1.12115,0.9093979999999999,0.956794,0.956794,104920
2018-11-25,0.9537530000000001,0.9586040000000001,0.8153279999999999,0.944824,0.944824,170714
2018-11-26,0.944261,1.17069,0.829708,0.9092120000000001,0.9092120000000001,1878020
2018-11-27,0.9160969999999999,1.0045899999999999,0.8816350000000001,0.9708680000000001,0.9708680000000001,498681
2018-11-28,0.9718979999999999,1.16206,0.970879,1.11717,1.11717,346738
2018-11-29,1.121524,1.2111020000000001,1.075083,1.127847,1.127847,207282
2018-11-30,1.130887,1.139211,0.9798600000000001,1.0123389999999999,1.0123389999999999,132490
2018-12-01,1.016938,1.208993,1.005454,1.1254899999999999,1.1254899999999999,257596
2018-12-02,1.124735,1.1650040000000002,1.081699,1.100255,1.100255,165263
2018-12-03,1.105861,1.1101969999999999,0.991771,1.086257,1.086257,139080
2018-12-04,1.072309,1.1041370000000001,1.012422,1.060661,1.060661,100973
2018-12-05,1.06513,1.0711680000000001,0.986641,0.9918440000000001,0.9918440000000001,99847
2018-12-06,0.9879709999999999,1.020793,0.8986069999999999,0.901394,0.901394,74500
2018-12-07,0.8994409999999999,0.9915450000000001,0.8473620000000001,0.898507,0.898507,335148
2018-12-08,0.90233,0.9468190000000001,0.898655,0.9415950000000001,0.9415950000000001,80345
2018-12-09,0.9397209999999999,1.0314370000000002,0.9351079999999999,0.9873350000000001,0.9873350000000001,86533
2018-12-10,0.985762,1.021496,0.9074190000000001,0.92424,0.92424,111926
2018-12-11,0.921884,0.9347690000000001,0.8749309999999999,0.884761,0.884761,57919
2018-12-12,0.8776280000000001,0.9291739999999999,0.870232,0.9268219999999999,0.9268219999999999,49234
2018-12-13,0.9272870000000001,0.931322,0.868541,0.880318,0.880318,81582
2018-12-14,0.8799879999999999,0.9468690000000001,0.8692719999999999,0.8936729999999999,0.8936729999999999,228496
2018-12-15,0.894325,0.924316,0.8762530000000001,0.913443,0.913443,53137
2018-12-16,0.913393,1.007642,0.901216,0.9233100000000001,0.9233100000000001,252802
2018-12-17,0.92975,1.035798,0.904017,1.0133940000000001,1.0133940000000001,138984
2018-12-18,1.0135809999999998,1.105596,0.976908,1.105596,1.105596,185451
2018-12-19,1.10976,1.183767,1.0712959999999998,1.091661,1.091661,253331
2018-12-20,1.078683,1.234269,1.0748229999999999,1.196971,1.196971,159289
2018-12-21,1.186851,1.26716,1.15848,1.2082950000000001,1.2082950000000001,276859
2018-12-22,1.202899,1.3775959999999998,1.200221,1.285018,1.285018,1010325
2018-12-23,1.2839639999999999,1.500011,1.2536450000000001,1.3618219999999999,1.3618219999999999,1577596
2018-12-24,1.365149,1.5509030000000001,1.346433,1.363233,1.363233,793297
2018-12-25,1.3666770000000001,1.3666770000000001,1.173247,1.250418,1.250418,214115
2018-12-26,1.2572809999999999,1.295827,1.179403,1.224748,1.224748,127092
2018-12-27,1.223998,1.236446,1.0784559999999999,1.079121,1.079121,156621
2018-12-28,1.079965,1.341308,1.066014,1.282101,1.282101,299142
2018-12-29,1.290726,1.3809040000000001,1.250483,1.256086,1.256086,650342
2018-12-30,1.269825,1.3541729999999998,1.238014,1.338762,1.338762,181240
2018-12-31,1.337566,1.3465129999999998,1.1864059999999998,1.227427,1.227427,226461
2019-01-01,1.228513,1.318965,1.2067290000000002,1.290986,1.290986,230174
2019-01-02,1.295233,1.343051,1.2798,1.3310790000000001,1.3310790000000001,112844
2019-01-03,1.334867,1.352113,1.2875809999999999,1.3048879999999998,1.3048879999999998,254717
2019-01-04,1.303484,1.3880370000000002,1.287706,1.3880370000000002,1.3880370000000002,226792
2019-01-05,1.377746,1.388207,1.343027,1.3489010000000001,1.3489010000000001,124545
2019-01-06,1.348449,1.4401469999999998,1.340184,1.403397,1.403397,163140
2019-01-07,1.4046239999999999,1.419977,1.336971,1.383132,1.383132,113561
2019-01-08,1.38505,1.413667,1.366477,1.378638,1.378638,85018
2019-01-09,1.379813,1.398333,1.347461,1.36171,1.36171,115616
2019-01-10,1.362608,1.394224,1.144169,1.163244,1.163244,207911
2019-01-11,1.161633,1.215739,1.131743,1.174186,1.174186,142728
2019-01-12,1.1752120000000001,1.191835,1.116889,1.130111,1.130111,192629
2019-01-13,1.129083,1.174507,1.031663,1.037455,1.037455,218651
2019-01-14,1.033225,1.140572,1.033225,1.1296059999999999,1.1296059999999999,124776
2019-01-15,1.125361,1.142839,1.062502,1.08117,1.08117,101988
2019-01-16,1.079445,1.140851,1.075533,1.1135,1.1135,118963
2019-01-17,1.113441,1.153402,1.108963,1.1473200000000001,1.1473200000000001,135837
2019-01-18,1.1508049999999999,1.1620700000000002,1.112321,1.15287,1.15287,117910
2019-01-19,1.1543370000000002,1.227164,1.149504,1.203133,1.203133,214870
2019-01-20,1.2024920000000001,1.229483,1.099875,1.124103,1.124103,172897
2019-01-21,1.1299139999999999,1.141858,1.106496,1.1272799999999998,1.1272799999999998,97272
2019-01-22,1.126803,1.140619,1.088752,1.129782,1.129782,106819
2019-01-23,1.135628,1.195009,1.100406,1.1129120000000001,1.1129120000000001,279969
2019-01-24,1.1099290000000002,1.161371,1.101097,1.161371,1.161371,124838
2019-01-25,1.165406,1.176451,1.128983,1.158249,1.158249,176750
2019-01-26,1.167193,1.2297850000000001,1.15546,1.223532,1.223532,86902
2019-01-27,1.227575,1.229072,1.112762,1.112762,1.112762,103677
2019-01-28,1.112257,1.112257,1.002491,1.036486,1.036486,151394
2019-01-29,1.037158,1.0506360000000001,0.988763,1.02395,1.02395,84685
2019-01-30,1.024578,1.051915,1.0045819999999999,1.035037,1.035037,89675
2019-01-31,1.034836,1.048533,0.9689190000000001,0.9760969999999999,0.9760969999999999,109107
2019-02-01,0.9769969999999999,0.997725,0.945902,0.974622,0.974622,71176
2019-02-02,0.973352,0.9970209999999999,0.962442,0.9970209999999999,0.9970209999999999,47555
2019-02-03,0.996149,1.101111,0.972403,0.99131,0.99131,472574
2019-02-04,1.000738,1.034125,0.980043,0.999238,0.999238,137746
2019-02-05,0.9961110000000001,0.9979370000000001,0.9524819999999999,0.958018,0.958018,124391
2019-02-06,0.961576,0.961576,0.9111450000000001,0.931509,0.931509,95119
2019-02-07,0.932225,1.019007,0.9241299999999999,0.9642870000000001,0.9642870000000001,249734
2019-02-08,0.9667709999999999,1.147535,0.955816,1.0478129999999999,1.0478129999999999,850341
2019-02-09,1.050226,1.1337059999999999,1.027606,1.097931,1.097931,532581
2019-02-10,1.1050389999999999,1.1438540000000001,1.060109,1.094301,1.094301,210786
2019-02-11,1.0926690000000001,1.0926690000000001,1.060502,1.0609,1.0609,106948
2019-02-12,1.06251,1.24645,1.033513,1.122424,1.122424,1001944
2019-02-13,1.127037,1.180069,1.088524,1.1047850000000001,1.1047850000000001,503495
2019-02-14,1.101808,1.1067049999999998,1.065141,1.0704280000000002,1.0704280000000002,81234
2019-02-15,1.072144,1.0917219999999999,1.0677780000000001,1.071792,1.071792,74349
2019-02-16,1.07574,1.07574,1.049105,1.064859,1.064859,120978
2019-02-17,1.065933,1.099391,1.049727,1.091344,1.091344,148851
2019-02-18,1.103489,1.264157,1.095895,1.141261,1.141261,1846451
2019-02-19,1.142947,1.15737,1.102423,1.135944,1.135944,196698
2019-02-20,1.129304,1.233573,1.115459,1.228026,1.228026,710974
2019-02-21,1.23314,1.242103,1.1568260000000001,1.166411,1.166411,215432
2019-02-22,1.162867,1.23241,1.154622,1.2122389999999998,1.2122389999999998,259756
2019-02-23,1.205258,1.2496450000000001,1.186653,1.229084,1.229084,179577
2019-02-24,1.2302870000000001,1.267357,1.07751,1.097108,1.097108,173146
2019-02-25,1.1021020000000001,1.142317,1.083176,1.134927,1.134927,190019
2019-02-26,1.131076,1.144688,1.107908,1.129559,1.129559,173646
2019-02-27,1.1283889999999999,1.216421,1.109669,1.189834,1.189834,753184
2019-02-28,1.190547,1.2359870000000002,1.16561,1.173773,1.173773,455774
2019-03-01,1.171914,1.191619,1.155273,1.15706,1.15706,201441
2019-03-02,1.1542270000000001,1.186602,1.148366,1.181292,1.181292,279283
2019-03-03,1.179865,1.188884,1.144398,1.1516899999999999,1.1516899999999999,180884
2019-03-04,1.14339,1.160124,1.093283,1.1044040000000002,1.1044040000000002,209706
2019-03-05,1.109341,1.217167,1.103936,1.185869,1.185869,488203
2019-03-06,1.184004,1.195432,1.161371,1.176949,1.176949,189290
2019-03-07,1.176053,1.210124,1.172482,1.189075,1.189075,166999
2019-03-08,1.1871049999999999,1.218844,1.1730459999999998,1.2001959999999998,1.2001959999999998,173728
2019-03-09,1.201534,1.333076,1.1900979999999999,1.2754940000000001,1.2754940000000001,812751
2019-03-10,1.286726,1.504538,1.275287,1.310201,1.310201,509690
2019-03-11,1.299916,1.311365,1.208101,1.249768,1.249768,472875
2019-03-12,1.242817,1.399921,1.198595,1.3648799999999999,1.3648799999999999,1264025
2019-03-13,1.366744,1.484728,1.3127229999999999,1.3127229999999999,1.3127229999999999,1029716
2019-03-14,1.3126659999999999,1.431906,1.302686,1.3560510000000001,1.3560510000000001,1334761
2019-03-15,1.358749,1.499723,1.3548440000000002,1.446826,1.446826,747628
2019-03-16,1.455478,1.739795,1.454105,1.635743,1.635743,2614681
2019-03-17,1.637371,1.6948900000000002,1.548775,1.5488680000000001,1.5488680000000001,896900
2019-03-18,1.5595430000000001,1.570471,1.4726700000000001,1.520257,1.520257,584892
2019-03-19,1.514477,1.658032,1.50719,1.5720319999999999,1.5720319999999999,1024959
2019-03-20,1.569703,1.569703,1.489498,1.523197,1.523197,400132
2019-03-21,1.5255040000000002,1.528327,1.365242,1.447314,1.447314,458494
2019-03-22,1.450267,1.478794,1.426237,1.45736,1.45736,229349
2019-03-23,1.459967,1.485287,1.443114,1.4704139999999999,1.4704139999999999,146695
2019-03-24,1.4691969999999999,1.477294,1.362239,1.394344,1.394344,515040
2019-03-25,1.396352,1.396352,1.268333,1.32035,1.32035,526520
2019-03-26,1.315788,1.6413830000000003,1.276623,1.389322,1.389322,2698303
2019-03-27,1.394254,1.48567,1.391375,1.459699,1.459699,501646
2019-03-28,1.459699,1.570899,1.436312,1.552344,1.552344,539102
2019-03-29,1.552344,1.568935,1.518637,1.541203,1.541203,297279
2019-03-30,1.53837,1.629529,1.5051780000000001,1.539659,1.539659,165673
2019-03-31,1.539659,1.540875,1.5079770000000001,1.515123,1.515123,235710
2019-04-01,1.514412,1.591374,1.500628,1.541664,1.541664,600458
2019-04-02,1.542984,1.6955060000000002,1.515306,1.682693,1.682693,1125799
2019-04-03,1.6837099999999998,1.8138029999999998,1.581244,1.631101,1.631101,1202554
2019-04-04,1.632304,1.724882,1.589679,1.6306770000000002,1.6306770000000002,323551
2019-04-05,1.630943,1.6958349999999998,1.630943,1.674288,1.674288,281680
2019-04-06,1.6747,1.7904369999999998,1.665146,1.7301689999999998,1.7301689999999998,419975
2019-04-07,1.732119,1.7939509999999999,1.7020939999999998,1.760139,1.760139,468329
2019-04-08,1.763059,2.1960599999999997,1.7005099999999997,1.797434,1.797434,3685436
2019-04-09,1.797434,1.817307,1.6848169999999998,1.7222849999999998,1.7222849999999998,661325
2019-04-10,1.722673,1.7825080000000002,1.674481,1.6902270000000001,1.6902270000000001,415880
2019-04-11,1.6892759999999998,1.698072,1.512027,1.563451,1.563451,314012
2019-04-12,1.562835,1.6376879999999998,1.515601,1.6085180000000001,1.6085180000000001,236685
2019-04-13,1.607318,1.649806,1.564567,1.586337,1.586337,183861
2019-04-14,1.586337,1.661053,1.575064,1.643504,1.643504,251783
2019-04-15,1.643504,1.6608779999999999,1.520271,1.547283,1.547283,318656
2019-04-16,1.5472780000000002,1.657068,1.526011,1.623645,1.623645,320726
2019-04-17,1.622955,1.6587169999999998,1.5911520000000001,1.653607,1.653607,254112
2019-04-18,1.6504450000000002,1.756225,1.6430200000000001,1.6777819999999999,1.6777819999999999,569516
2019-04-19,1.677268,1.678132,1.612119,1.6522569999999999,1.6522569999999999,414678
2019-04-20,1.6522569999999999,1.7027580000000002,1.632296,1.678318,1.678318,284625
2019-04-21,1.677861,2.03915,1.6024639999999999,1.689612,1.689612,2642348
2019-04-22,1.691155,1.7410299999999999,1.6706759999999998,1.7146599999999999,1.7146599999999999,759354
2019-04-23,1.7146599999999999,1.767269,1.642107,1.6456169999999999,1.6456169999999999,499093
2019-04-24,1.6456169999999999,1.6460599999999999,1.436647,1.474793,1.474793,777358
2019-04-25,1.4747219999999999,1.514838,1.324463,1.339644,1.339644,420719
2019-04-26,1.343593,1.382562,1.294635,1.343486,1.343486,322616
2019-04-27,1.344096,1.405841,1.336215,1.387002,1.387002,129382
2019-04-28,1.387264,1.414252,1.320992,1.3347,1.3347,122158
2019-04-29,1.334994,1.376469,1.26019,1.2653780000000001,1.2653780000000001,199827
2019-04-30,1.265401,1.327232,1.2446549999999998,1.3226719999999998,1.3226719999999998,266472
2019-05-01,1.322829,1.3405040000000001,1.3002200000000002,1.332755,1.332755,148439
2019-05-02,1.330419,1.398668,1.3151950000000001,1.391019,1.391019,341557
2019-05-03,1.391019,1.4460819999999999,1.343318,1.3877959999999998,1.3877959999999998,246897
2019-05-04,1.3877959999999998,1.403476,1.263082,1.295607,1.295607,204989
2019-05-05,1.293576,1.3148549999999999,1.2786600000000001,1.293513,1.293513,108161
2019-05-06,1.2927899999999999,1.358477,1.2596370000000001,1.328957,1.328957,185684
2019-05-07,1.329971,1.368507,1.286394,1.2872370000000002,1.2872370000000002,173277
2019-05-08,1.2871780000000002,1.382463,1.236381,1.293695,1.293695,474026
2019-05-09,1.29359,1.305687,1.127637,1.1567,1.1567,253410
2019-05-10,1.145297,1.219438,1.125183,1.178964,1.178964,256923
2019-05-11,1.178964,1.368357,1.169727,1.3060399999999999,1.3060399999999999,399626
2019-05-12,1.3053350000000001,1.329632,1.21696,1.228489,1.228489,155101
2019-05-13,1.228489,1.352294,1.202282,1.206294,1.206294,368062
2019-05-14,1.205257,1.281224,1.1906290000000002,1.2566959999999998,1.2566959999999998,290737
2019-05-15,1.255916,1.550669,1.252263,1.4117870000000001,1.4117870000000001,690771
2019-05-16,1.4104139999999998,1.496546,1.3184129999999998,1.353958,1.353958,465330
2019-05-17,1.3526719999999999,1.377593,1.177219,1.3033379999999999,1.3033379999999999,228734
2019-05-18,1.3033379999999999,1.31758,1.221139,1.227188,1.227188,777082
2019-05-19,1.227188,1.318514,1.2097930000000001,1.229416,1.229416,847621
2019-05-20,1.223008,1.252177,1.152104,1.226177,1.226177,629923
2019-05-21,1.22554,1.3265959999999999,1.202682,1.264648,1.264648,637097
2019-05-22,1.266047,1.385887,1.256694,1.297533,1.297533,900255
2019-05-23,1.296119,1.3484129999999999,1.238461,1.332033,1.332033,371066
2019-05-24,1.335177,1.426999,1.2543950000000001,1.259802,1.259802,713542
2019-05-25,1.259802,1.299308,1.253414,1.2817379999999998,1.2817379999999998,408200
2019-05-26,1.2817379999999998,1.369337,1.243555,1.318373,1.318373,832952
2019-05-27,1.3193549999999998,1.447782,1.307669,1.355384,1.355384,706353
2019-05-28,1.355916,1.371475,1.313317,1.34169,1.34169,382478
2019-05-29,1.34143,1.368715,1.282165,1.33542,1.33542,358760
2019-05-30,1.33542,1.418643,1.270866,1.3057379999999998,1.3057379999999998,561557
2019-05-31,1.3057379999999998,1.355149,1.265682,1.353392,1.353392,310389
2019-06-01,1.3532170000000001,1.456739,1.342325,1.375071,1.375071,753985
2019-06-02,1.375071,1.408468,1.361102,1.3996870000000001,1.3996870000000001,380361
2019-06-03,1.397434,1.399581,1.2486389999999998,1.253196,1.253196,367179
2019-06-04,1.2521200000000001,1.252399,1.136997,1.165671,1.165671,269643
2019-06-05,1.165671,1.254333,1.165671,1.243822,1.243822,401209
2019-06-06,1.2438559999999999,1.2809,1.16805,1.224478,1.224478,395479
2019-06-07,1.224418,1.295412,1.214417,1.273607,1.273607,444500
2019-06-08,1.273004,1.3385479999999998,1.266669,1.3249540000000002,1.3249540000000002,504802
2019-06-09,1.3249540000000002,1.503466,1.294669,1.388182,1.388182,2706987
2019-06-10,1.387742,1.593752,1.343912,1.4062649999999999,1.4062649999999999,2611498
2019-06-11,1.40729,1.437296,1.347748,1.3859190000000001,1.3859190000000001,808094
2019-06-12,1.3859190000000001,1.427382,1.368609,1.397326,1.397326,622267
2019-06-13,1.398108,1.404714,1.315085,1.320384,1.320384,554957
2019-06-14,1.317444,1.328176,1.158428,1.1972909999999999,1.1972909999999999,929387
2019-06-15,1.197763,1.26457,1.196542,1.261262,1.261262,560330
2019-06-16,1.261262,1.986719,1.245848,1.369032,1.369032,6055215
2019-06-17,1.375659,1.375659,1.224749,1.22885,1.22885,1232392
2019-06-18,1.230074,1.249464,1.192941,1.2181549999999999,1.2181549999999999,410013
2019-06-19,1.21853,1.237424,1.1992129999999999,1.207699,1.207699,315651
2019-06-20,1.207532,1.2129450000000002,1.0980020000000001,1.135665,1.135665,664562
2019-06-21,1.136313,1.154563,1.088595,1.096393,1.096393,307964
2019-06-22,1.096393,1.114531,1.020257,1.0539530000000001,1.0539530000000001,730001
2019-06-23,1.058448,1.420107,1.0275239999999999,1.198377,1.198377,3823582
2019-06-24,1.198377,1.2496639999999999,1.146523,1.162025,1.162025,1059311
2019-06-25,1.1619110000000001,1.170151,1.082003,1.0835110000000001,1.0835110000000001,469995
2019-06-26,1.0835110000000001,1.346482,0.981299,1.087364,1.087364,1239953
2019-06-27,1.087364,1.4091850000000001,1.028969,1.039454,1.039454,1653460
2019-06-28,1.039454,1.086776,1.005593,1.05368,1.05368,513411
2019-06-29,1.0544149999999999,1.14301,1.0050620000000001,1.105042,1.105042,545368
2019-06-30,1.104203,1.1945459999999999,1.059276,1.062916,1.062916,1046196
2019-07-01,1.062916,1.147022,1.0600040000000002,1.120897,1.120897,451941
2019-07-02,1.121063,1.133807,1.0060200000000001,1.035043,1.035043,561866
2019-07-03,1.035241,1.135774,1.023924,1.098214,1.098214,686789
2019-07-04,1.098622,1.152933,1.0499180000000001,1.081373,1.081373,346130
2019-07-05,1.080993,1.096082,1.050158,1.065907,1.065907,286105
2019-07-06,1.065179,1.0833899999999999,1.040426,1.051975,1.051975,231330
2019-07-07,1.051624,1.17824,1.045038,1.085927,1.085927,578352
2019-07-08,1.085827,1.11086,1.023573,1.0281069999999999,1.0281069999999999,416588
2019-07-09,1.029395,1.302216,1.0037209999999999,1.176176,1.176176,2581946
2019-07-10,1.174126,1.206712,1.0210489999999999,1.025028,1.025028,932800
2019-07-11,1.023855,1.076926,0.9281440000000001,0.997152,0.997152,466243
2019-07-12,0.9973209999999999,1.025307,0.978311,0.9963280000000001,0.9963280000000001,398240
2019-07-13,0.9955870000000001,1.010728,0.9319379999999999,0.960518,0.960518,252941
2019-07-14,0.960773,0.973183,0.8559680000000001,0.8583290000000001,0.8583290000000001,236608
2019-07-15,0.858284,0.9329569999999999,0.808138,0.910693,0.910693,240850
2019-07-16,0.906805,0.927541,0.764602,0.776148,0.776148,198177
2019-07-17,0.774492,0.875135,0.769492,0.8451629999999999,0.8451629999999999,238280
2019-07-18,0.8456809999999999,0.886366,0.8046270000000001,0.876851,0.876851,229007
2019-07-19,0.876851,0.9153389999999999,0.8581620000000001,0.912602,0.912602,223855
2019-07-20,0.9126860000000001,0.941241,0.907402,0.920918,0.920918,205643
2019-07-21,0.9212899999999999,0.927602,0.880417,0.898594,0.898594,137544
2019-07-22,0.8988309999999999,0.9047639999999999,0.817371,0.847354,0.847354,257822
2019-07-23,0.847259,0.854742,0.8107310000000001,0.8275549999999999,0.8275549999999999,210787
2019-07-24,0.8275549999999999,0.8405729999999999,0.7983439999999999,0.831706,0.831706,185313
2019-07-25,0.8329489999999999,0.847258,0.8251129999999999,0.831233,0.831233,149976
2019-07-26,0.830729,0.8426319999999999,0.81352,0.8349549999999999,0.8349549999999999,160214
2019-07-27,0.8349549999999999,0.862973,0.7932899999999999,0.8168569999999999,0.8168569999999999,116235
2019-07-28,0.816379,0.921264,0.806092,0.857513,0.857513,1348695
2019-07-29,0.857655,0.8777739999999999,0.833883,0.8398049999999999,0.8398049999999999,213232
2019-07-30,0.839772,0.8445860000000001,0.821421,0.83011,0.83011,113585
2019-07-31,0.829909,0.838756,0.804929,0.81776,0.81776,203679
2019-08-01,0.8172159999999999,0.838543,0.799887,0.8111430000000001,0.8111430000000001,349327
2019-08-02,0.811311,0.826098,0.7904800000000001,0.797922,0.797922,149647
2019-08-03,0.797054,0.836925,0.778908,0.810702,0.810702,147943
2019-08-04,0.810702,0.818822,0.789316,0.804934,0.804934,98372
2019-08-05,0.8044319999999999,0.8080729999999999,0.723947,0.775991,0.775991,370546
2019-08-06,0.7752979999999999,0.7753399999999999,0.686872,0.692163,0.692163,291097
2019-08-07,0.691951,0.716225,0.6459560000000001,0.652307,0.652307,352621
2019-08-08,0.652307,0.676488,0.625527,0.629021,0.629021,233835
2019-08-09,0.629016,0.633815,0.548759,0.549474,0.549474,235349
2019-08-10,0.549474,0.564154,0.5425949999999999,0.5577529999999999,0.5577529999999999,171195
2019-08-11,0.556339,0.5842649999999999,0.55569,0.571974,0.571974,173031
2019-08-12,0.57216,0.6721010000000001,0.5679609999999999,0.6265609999999999,0.6265609999999999,508766
2019-08-13,0.62826,0.633645,0.5839880000000001,0.601449,0.601449,314629
2019-08-14,0.6014109999999999,0.620521,0.548697,0.5519229999999999,0.5519229999999999,268662
2019-08-15,0.553238,0.5831810000000001,0.49566099999999996,0.570208,0.570208,357739
2019-08-16,0.57014,0.5789949999999999,0.518296,0.523308,0.523308,228864
2019-08-17,0.523069,0.542227,0.517466,0.529787,0.529787,128759
2019-08-18,0.529043,0.562042,0.519642,0.543582,0.543582,268238
2019-08-19,0.543166,0.5587260000000001,0.525354,0.545938,0.545938,164751
2019-08-20,0.545938,0.55152,0.52895,0.545646,0.545646,165743
2019-08-21,0.545646,0.567109,0.514651,0.552395,0.552395,291092
2019-08-22,0.552395,0.5752689999999999,0.531764,0.564915,0.564915,191305
2019-08-23,0.564915,0.5708989999999999,0.553363,0.561425,0.561425,176106
2019-08-24,0.560705,0.628269,0.5574100000000001,0.626745,0.626745,609740
2019-08-25,0.626745,0.642846,0.5590579999999999,0.5683779999999999,0.5683779999999999,327996
2019-08-26,0.569468,0.5838409999999999,0.54057,0.550109,0.550109,330517
2019-08-27,0.553728,0.573758,0.5305,0.568311,0.568311,282549
2019-08-28,0.568703,0.5906170000000001,0.544021,0.55357,0.55357,338973
2019-08-29,0.552987,0.602305,0.550053,0.57365,0.57365,502613
2019-08-30,0.57365,0.576501,0.555737,0.557338,0.557338,203038
2019-08-31,0.55766,0.56948,0.55369,0.56721,0.56721,128679
2019-09-01,0.5675020000000001,0.572734,0.547392,0.560401,0.560401,180996
2019-09-02,0.560048,0.562566,0.519093,0.524227,0.524227,220440
2019-09-03,0.52362,0.529575,0.5082399999999999,0.513796,0.513796,275737
2019-09-04,0.51441,0.526351,0.501307,0.507549,0.507549,140394
2019-09-05,0.506875,0.5073989999999999,0.467685,0.491762,0.491762,159134
2019-09-06,0.491762,0.501306,0.46521999999999997,0.472458,0.472458,176858
2019-09-07,0.47256899999999996,0.495147,0.470361,0.489271,0.489271,133783
2019-09-08,0.488566,0.49758100000000005,0.482447,0.488712,0.488712,114980
2019-09-09,0.48846300000000004,0.524856,0.48204600000000003,0.507868,0.507868,318109
2019-09-10,0.507879,0.522073,0.495122,0.49639700000000003,0.49639700000000003,245926
2019-09-11,0.49633999999999995,0.497251,0.472288,0.474499,0.474499,177286
2019-09-12,0.476445,0.480142,0.45771999999999996,0.458481,0.458481,143169
2019-09-13,0.458507,0.47682299999999994,0.45319,0.46737,0.46737,110765
2019-09-14,0.46657600000000005,0.47602799999999995,0.46188999999999997,0.47142700000000004,0.47142700000000004,87802
2019-09-15,0.47142700000000004,0.48115699999999995,0.468358,0.47143199999999996,0.47143199999999996,75929
2019-09-16,0.471393,0.47448599999999996,0.45059799999999994,0.456896,0.456896,54177
2019-09-17,0.45695399999999997,0.554559,0.44853999999999994,0.46169899999999997,0.46169899999999997,444246
2019-09-18,0.462869,0.49763599999999997,0.460363,0.47626499999999994,0.47626499999999994,286955
2019-09-19,0.47659700000000005,0.5661390000000001,0.44728100000000004,0.47173000000000004,0.47173000000000004,928916
2019-09-20,0.472358,0.47688400000000003,0.463117,0.471116,0.471116,201783
2019-09-21,0.47082299999999994,0.491029,0.462634,0.481414,0.481414,193545
2019-09-22,0.48132700000000006,0.483587,0.470505,0.472088,0.472088,111187
2019-09-23,0.47202799999999995,0.48100699999999996,0.44556599999999996,0.44745100000000004,0.44745100000000004,121581
2019-09-24,0.44782799999999995,0.461891,0.344394,0.367465,0.367465,137390
2019-09-25,0.367711,0.383459,0.35432199999999997,0.36709,0.36709,83929
2019-09-26,0.367058,0.380783,0.33208200000000004,0.349018,0.349018,68795
2019-09-27,0.34899600000000003,0.37987600000000005,0.344708,0.371909,0.371909,169171
2019-09-28,0.37195700000000004,0.381849,0.369048,0.378157,0.378157,62543
2019-09-29,0.378232,0.380348,0.358042,0.365041,0.365041,57581
2019-09-30,0.36498400000000003,0.385563,0.35025500000000004,0.38383,0.38383,67509
2019-10-01,0.38343499999999997,0.394613,0.375626,0.377513,0.377513,64318
2019-10-02,0.377513,0.39122199999999996,0.373805,0.39098499999999997,0.39098499999999997,83789
2019-10-03,0.390994,0.467995,0.38372399999999995,0.413933,0.413933,1097939
2019-10-04,0.41387399999999996,0.448058,0.404659,0.4342,0.4342,399424
2019-10-05,0.4342,0.44945799999999997,0.427436,0.430662,0.430662,175660
2019-10-06,0.430617,0.43370200000000003,0.405625,0.409353,0.409353,91194
2019-10-07,0.408853,0.46152200000000004,0.406438,0.461053,0.461053,287300
2019-10-08,0.460844,0.48074300000000003,0.45619799999999994,0.466546,0.466546,245799
2019-10-09,0.466546,0.500476,0.452763,0.48348900000000006,0.48348900000000006,310908
2019-10-10,0.483573,0.488817,0.457367,0.484658,0.484658,99464
2019-10-11,0.48477700000000007,0.495148,0.45369799999999993,0.474443,0.474443,88773
2019-10-12,0.47426199999999996,0.48805699999999996,0.470667,0.479472,0.479472,78633
2019-10-13,0.479371,0.491641,0.449363,0.45149700000000004,0.45149700000000004,86702
2019-10-14,0.45149700000000004,0.45573400000000003,0.441801,0.452313,0.452313,123487
2019-10-15,0.45259799999999994,0.456114,0.438637,0.44217,0.44217,53261
2019-10-16,0.441891,0.44271800000000006,0.40318200000000004,0.415937,0.415937,67980
2019-10-17,0.41626,0.446747,0.41305200000000003,0.43424700000000005,0.43424700000000005,88611
2019-10-18,0.43424700000000005,0.5990770000000001,0.403478,0.422867,0.422867,304660
2019-10-19,0.42260299999999995,0.427849,0.411075,0.412275,0.412275,43505
2019-10-20,0.411555,0.44941099999999995,0.404771,0.43015,0.43015,213853
2019-10-21,0.43021400000000004,0.46016999999999997,0.42573,0.451858,0.451858,194454
2019-10-22,0.451879,0.46180299999999996,0.44390100000000005,0.44390100000000005,0.44390100000000005,84079
2019-10-23,0.44393599999999994,0.46311800000000003,0.406494,0.422983,0.422983,461580
2019-10-24,0.422983,0.426249,0.408634,0.41730200000000006,0.41730200000000006,55162
2019-10-25,0.41730200000000006,0.47761400000000004,0.41241700000000003,0.470183,0.470183,499328
2019-10-26,0.46989,0.5232319999999999,0.46696000000000004,0.511151,0.511151,364393
2019-10-27,0.512537,0.595904,0.504142,0.5147510000000001,0.5147510000000001,1013302
2019-10-28,0.51442,0.52105,0.49237299999999995,0.49545,0.49545,268931
2019-10-29,0.49593999999999994,0.508236,0.478469,0.487943,0.487943,306081
2019-10-30,0.488055,0.495004,0.464661,0.472742,0.472742,132509
2019-10-31,0.472203,0.491262,0.456053,0.482727,0.482727,88907
2019-11-01,0.482279,0.48316400000000004,0.46940600000000005,0.47919799999999996,0.47919799999999996,65764
2019-11-02,0.478917,0.5023029999999999,0.47795,0.500672,0.500672,81993
2019-11-03,0.5020640000000001,0.512865,0.498906,0.510024,0.510024,93567
2019-11-04,0.5095029999999999,0.5105029999999999,0.48733699999999996,0.496238,0.496238,97953
2019-11-05,0.496238,0.542493,0.49079799999999996,0.526524,0.526524,269826
2019-11-06,0.52663,0.5309119999999999,0.49683599999999994,0.497043,0.497043,121103
2019-11-07,0.49820600000000004,0.501225,0.482282,0.492487,0.492487,67087
2019-11-08,0.49224300000000004,0.49541499999999994,0.453067,0.46046800000000004,0.46046800000000004,47685
2019-11-09,0.460417,0.472447,0.460417,0.464876,0.464876,35318
2019-11-10,0.46488100000000004,0.473909,0.455636,0.469757,0.469757,69612
2019-11-11,0.469746,0.48063999999999996,0.453926,0.458196,0.458196,118108
2019-11-12,0.45830299999999996,0.479335,0.45480200000000004,0.46953999999999996,0.46953999999999996,119124
2019-11-13,0.46957299999999996,0.48322299999999996,0.466175,0.475127,0.475127,85068
2019-11-14,0.47518299999999997,0.483836,0.464005,0.467819,0.467819,81765
2019-11-15,0.469185,0.47340600000000005,0.450305,0.45681099999999997,0.45681099999999997,96449
2019-11-16,0.45707,0.475357,0.455316,0.47253599999999996,0.47253599999999996,125140
2019-11-17,0.47253599999999996,0.49655900000000003,0.46838199999999997,0.48697700000000005,0.48697700000000005,162495
2019-11-18,0.487084,0.529068,0.47318999999999994,0.488123,0.488123,576701
2019-11-19,0.488123,0.499463,0.455981,0.46902,0.46902,239733
2019-11-20,0.46902,0.474763,0.45742,0.458946,0.458946,100677
2019-11-21,0.458399,0.458887,0.41183800000000004,0.42236,0.42236,113968
2019-11-22,0.42236,0.42594499999999996,0.369402,0.392781,0.392781,88939
2019-11-23,0.39271,0.41453,0.382208,0.397405,0.397405,52102
2019-11-24,0.397405,0.397729,0.375374,0.375374,0.375374,68214
2019-11-25,0.375454,0.41584099999999996,0.350498,0.40612600000000004,0.40612600000000004,138765
2019-11-26,0.40612600000000004,0.56394,0.404997,0.44448999999999994,0.44448999999999994,4995066
2019-11-27,0.439734,0.457715,0.40226300000000004,0.447834,0.447834,819025
2019-11-28,0.447392,0.452304,0.43035500000000004,0.43765200000000004,0.43765200000000004,312117
2019-11-29,0.43711099999999997,0.52766,0.42958900000000005,0.479691,0.479691,874455
2019-11-30,0.47965399999999997,0.523373,0.458813,0.46432299999999993,0.46432299999999993,827608
2019-12-01,0.464391,0.464391,0.43847700000000006,0.453263,0.453263,276867
2019-12-02,0.453217,0.5248079999999999,0.427591,0.476263,0.476263,917715
2019-12-03,0.476263,0.541714,0.466975,0.468442,0.468442,1270068
2019-12-04,0.468384,0.5246930000000001,0.452396,0.48253,0.48253,568033
2019-12-05,0.481679,0.554672,0.47625500000000004,0.5195350000000001,0.5195350000000001,755409
2019-12-06,0.519646,0.523014,0.502607,0.5183270000000001,0.5183270000000001,304074
2019-12-07,0.518612,0.549894,0.5164310000000001,0.526437,0.526437,195820
2019-12-08,0.5263939999999999,0.550197,0.523778,0.538705,0.538705,232547
2019-12-09,0.538257,0.553994,0.5050439999999999,0.508822,0.508822,159723
2019-12-10,0.508925,0.508925,0.440224,0.451061,0.451061,249018
2019-12-11,0.45097200000000004,0.46356899999999995,0.445409,0.45735600000000004,0.45735600000000004,171863
2019-12-12,0.45735600000000004,0.45873100000000006,0.41690200000000005,0.428938,0.428938,195043
2019-12-13,0.428883,0.46180299999999996,0.419609,0.45138599999999995,0.45138599999999995,315906
2019-12-14,0.451854,0.46986400000000006,0.429184,0.430101,0.430101,181927
2019-12-15,0.429938,0.44419200000000003,0.42516000000000004,0.442063,0.442063,73449
2019-12-16,0.442087,0.48006499999999996,0.43640200000000007,0.456298,0.456298,571033
2019-12-17,0.456298,0.47874700000000003,0.40534899999999996,0.408432,0.408432,872619
2019-12-18,0.408432,0.44696199999999997,0.395874,0.44131099999999995,0.44131099999999995,341914
2019-12-19,0.44131099999999995,0.44666000000000006,0.43175399999999997,0.43626099999999995,0.43626099999999995,105713
2019-12-20,0.43626099999999995,0.438695,0.421605,0.428785,0.428785,40720
2019-12-21,0.42862100000000003,0.430014,0.418637,0.42242299999999994,0.42242299999999994,52303
2019-12-22,0.42243500000000006,0.425896,0.404619,0.405204,0.405204,105291
2019-12-23,0.404438,0.412317,0.39285,0.39726,0.39726,108866
2019-12-24,0.39726300000000003,0.426708,0.394173,0.41016899999999995,0.41016899999999995,144604
2019-12-25,0.410347,0.414867,0.397832,0.407077,0.407077,72951
2019-12-26,0.407077,0.413059,0.39610100000000004,0.399686,0.399686,37910
2019-12-27,0.39966599999999997,0.406429,0.391925,0.40367600000000003,0.40367600000000003,35338
2019-12-28,0.403717,0.414268,0.403304,0.407369,0.407369,54848
2019-12-29,0.407072,0.420271,0.406007,0.41225100000000003,0.41225100000000003,41058
2019-12-30,0.41225100000000003,0.47822299999999995,0.409169,0.41066899999999995,0.41066899999999995,855556
2019-12-31,0.410409,0.415911,0.390495,0.39258200000000004,0.39258200000000004,150500
